2701072363960	9040	2564	2701072351123	19f86848af0	construct	0	1	-
2701072373938	9040	2564	2701072351123	19f86848af0	QueryInterface.begin	0	-	8895b1c6
2701072376249	9040	2564	2701072351123	19f86848af0	AddRef	0	2	-
2701072377145	9040	2564	2701072351123	19f86848af0	QueryInterface.end	0	0	8895b1c6
2701072377303	9040	2564	2701072351123	19f86848af0	Release	0	1	-
2701072377486	9040	2564	2701072351123	19f86848af0	AddRef	0	2	-
2701072377628	9040	2564	2701072351123	19f86848af0	Release	0	1	-
2701072377833	9040	2564	2701072351123	19f86848af0	QueryInterface.begin	0	-	8895b1c6
2701072378006	9040	2564	2701072351123	19f86848af0	AddRef	0	2	-
2701072378196	9040	2564	2701072351123	19f86848af0	QueryInterface.end	0	0	8895b1c6
2701072378403	9040	2564	2701072351123	19f86848af0	Release	0	1	-
2701072405536	9040	2564	2701072351123	19f86848af0	QueryInterface.begin	0	-	ecc8691b
2701072408742	9040	2564	2701072351123	19f86848af0	QueryInterface.end	0	80004002	ecc8691b
2701072409026	9040	2564	2701072351123	19f86848af0	QueryInterface.begin	0	-	94ea2b94
2701072409132	9040	2564	2701072351123	19f86848af0	QueryInterface.end	0	80004002	94ea2b94
2701072409228	9040	2564	2701072351123	19f86848af0	QueryInterface.begin	0	-	2132b005
2701072409320	9040	2564	2701072351123	19f86848af0	QueryInterface.end	0	80004002	2132b005
2701072409408	9040	2564	2701072351123	19f86848af0	QueryInterface.begin	0	-	3
2701072409514	9040	2564	2701072351123	19f86848af0	QueryInterface.end	0	80004002	3
2701072409608	9040	2564	2701072351123	19f86848af0	QueryInterface.begin	0	-	1b
2701072409708	9040	2564	2701072351123	19f86848af0	QueryInterface.end	0	80004002	1b
2701072409788	9040	2564	2701072351123	19f86848af0	QueryInterface.begin	0	-	0
2701072409876	9040	2564	2701072351123	19f86848af0	AddRef	0	2	-
2701072409969	9040	2564	2701072351123	19f86848af0	QueryInterface.end	0	0	0
2701072410074	9040	2564	2701072351123	19f86848af0	AddRef	0	3	-
2701072410149	9040	2564	2701072351123	19f86848af0	QueryInterface.begin	0	-	18
2701072410213	9040	2564	2701072351123	19f86848af0	QueryInterface.end	0	80004002	18
2701072410283	9040	2564	2701072351123	19f86848af0	QueryInterface.begin	0	-	334d391f
2701072410353	9040	2564	2701072351123	19f86848af0	QueryInterface.end	0	80004002	334d391f
2701072410438	9040	2564	2701072351123	19f86848af0	QueryInterface.begin	0	-	40
2701072410512	9040	2564	2701072351123	19f86848af0	QueryInterface.end	0	80004002	40
2701072412517	9040	2564	2701072351123	19f86848af0	QueryInterface.begin	0	-	334d391f
2701072412601	9040	2564	2701072351123	19f86848af0	QueryInterface.end	0	80004002	334d391f
2701072412686	9040	2564	2701072351123	19f86848af0	QueryInterface.begin	0	-	94ea2b94
2701072412752	9040	2564	2701072351123	19f86848af0	QueryInterface.end	0	80004002	94ea2b94
2701072412840	9040	2564	2701072351123	19f86848af0	QueryInterface.begin	0	-	334d391f
2701072413025	9040	2564	2701072351123	19f86848af0	QueryInterface.end	0	80004002	334d391f
2701072413097	9040	2564	2701072351123	19f86848af0	QueryInterface.begin	0	-	77dd1250
2701072413172	9040	2564	2701072351123	19f86848af0	QueryInterface.end	0	80004002	77dd1250
2701072413256	9040	2564	2701072351123	19f86848af0	QueryInterface.begin	0	-	334d391f
2701072413318	9040	2564	2701072351123	19f86848af0	QueryInterface.end	0	80004002	334d391f
2701072413389	9040	2564	2701072351123	19f86848af0	QueryInterface.begin	0	-	bfd60505
2701072413455	9040	2564	2701072351123	19f86848af0	QueryInterface.end	0	80004002	bfd60505
2701072413539	9040	2564	2701072351123	19f86848af0	QueryInterface.begin	0	-	334d391f
2701072413610	9040	2564	2701072351123	19f86848af0	QueryInterface.end	0	80004002	334d391f
2701072413686	9040	2564	2701072351123	19f86848af0	QueryInterface.begin	0	-	143715d9
2701072413741	9040	2564	2701072351123	19f86848af0	QueryInterface.end	0	80004002	143715d9
2701072413799	9040	2564	2701072351123	19f86848af0	QueryInterface.begin	0	-	a914f499
2701072413861	9040	2564	2701072351123	19f86848af0	QueryInterface.end	0	80004002	a914f499
2701072413938	9040	2564	2701072351123	19f86848af0	QueryInterface.begin	0	-	ea5d0de4
2701072414021	9040	2564	2701072351123	19f86848af0	QueryInterface.end	0	80004002	ea5d0de4
2701072414618	9040	2564	2701072351123	19f86848af0	QueryInterface.begin	0	-	816e5b3e
2701072414762	9040	2564	2701072351123	19f86848af0	QueryInterface.end	0	80004002	816e5b3e
2701072414854	9040	2564	2701072351123	19f86848af0	QueryInterface.begin	0	-	3c169ff7
2701072414925	9040	2564	2701072351123	19f86848af0	QueryInterface.end	0	80004002	3c169ff7
2701072415015	9040	2564	2701072351123	19f86848af0	QueryInterface.begin	0	-	4f4f92b5
2701072415080	9040	2564	2701072351123	19f86848af0	QueryInterface.end	0	80004002	4f4f92b5
2701072415157	9040	2564	2701072351123	19f86848af0	QueryInterface.begin	0	-	9bc79c93
2701072415227	9040	2564	2701072351123	19f86848af0	QueryInterface.end	0	80004002	9bc79c93
2701072421110	9040	2564	2701072351123	19f86848af0	QueryInterface.begin	0	-	1868091e
2701072421240	9040	2564	2701072351123	19f86848af0	QueryInterface.end	0	80004002	1868091e
2701072421318	9040	2564	2701072351123	19f86848af0	QueryInterface.begin	0	-	11456f96
2701072421387	9040	2564	2701072351123	19f86848af0	QueryInterface.end	0	80004002	11456f96
2701072421460	9040	2564	2701072351123	19f86848af0	QueryInterface.begin	0	-	1ac7516e
2701072421523	9040	2564	2701072351123	19f86848af0	QueryInterface.end	0	80004002	1ac7516e
2701072421595	9040	2564	2701072351123	19f86848af0	QueryInterface.begin	0	-	35bd3360
2701072421653	9040	2564	2701072351123	19f86848af0	QueryInterface.end	0	80004002	35bd3360
2701072421714	9040	2564	2701072351123	19f86848af0	QueryInterface.begin	0	-	f2153260
2701072421784	9040	2564	2701072351123	19f86848af0	QueryInterface.end	0	80004002	f2153260
2701072421867	9040	2564	2701072351123	19f86848af0	QueryInterface.begin	0	-	334d391f
2701072421929	9040	2564	2701072351123	19f86848af0	QueryInterface.end	0	80004002	334d391f
2701072421994	9040	2564	2701072351123	19f86848af0	QueryInterface.begin	0	-	3fb5c57
2701072422057	9040	2564	2701072351123	19f86848af0	QueryInterface.end	0	80004002	3fb5c57
2701072422128	9040	2564	2701072351123	19f86848af0	QueryInterface.begin	0	-	334d391f
2701072422197	9040	2564	2701072351123	19f86848af0	QueryInterface.end	0	80004002	334d391f
2701072422271	9040	2564	2701072351123	19f86848af0	QueryInterface.begin	0	-	2c258ae7
2701072422345	9040	2564	2701072351123	19f86848af0	QueryInterface.end	0	80004002	2c258ae7
2701072422430	9040	2564	2701072351123	19f86848af0	QueryInterface.begin	0	-	19
2701072425327	9040	2564	2701072351123	19f86848af0	QueryInterface.end	0	80004002	19
2701072425498	9040	2564	2701072351123	19f86848af0	QueryInterface.begin	0	-	4c1e39e1
2701072428893	9040	2564	2701072351123	19f86848af0	QueryInterface.end	0	80004002	4c1e39e1
2701072429931	9040	2564	2701072351123	19f86848af0	Release	0	2	-
2701072430281	9040	2564	2701072351123	19f86848af0	AddRef	0	3	-
2701072430379	9040	2564	2701072351123	19f86848af0	Release	0	2	-
2701072430583	9040	2564	2701072351123	19f86848af0	AddRef	0	3	-
2701072430660	9040	2564	2701072351123	19f86848af0	AddRef	0	4	-
2701072439476	9040	2564	2701072351123	19f86848af0	QueryInterface.begin	0	-	8895b1c6
2701072439752	9040	2564	2701072351123	19f86848af0	AddRef	0	5	-
2701072439892	9040	2564	2701072351123	19f86848af0	QueryInterface.end	0	0	8895b1c6
2701072508351	9040	2564	2701072351123	19f86848af0	QueryInterface.begin	0	-	8895b1c6
2701072510908	9040	2564	2701072351123	19f86848af0	AddRef	0	6	-
2701072511055	9040	2564	2701072351123	19f86848af0	QueryInterface.end	0	0	8895b1c6
2701072512522	9040	2564	2701072351123	19f86848af0	Release	0	5	-
2701072517249	9040	2564	2701072351123	19f86848af0	AddRef	0	6	-
2701072520284	9040	2564	2701072351123	19f86848af0	Release	0	5	-
2701072520463	9040	2564	2701072351123	19f86848af0	AddRef	0	6	-
2701072530825	9040	2564	2701072351123	19f86848af0	QueryInterface.begin	0	-	b824b49d
2701072531185	9040	2564	2701072351123	19f86848af0	QueryInterface.end	0	80004002	b824b49d
2701072531624	9040	2564	2701072351123	19f86848af0	Release	0	5	-
2701072531807	9040	2564	2701072351123	19f86848af0	AddRef	0	6	-
2701072532732	9040	2564	2701072351123	19f86848af0	QueryInterface.begin	0	-	7f73be3f
2701072532906	9040	2564	2701072351123	19f86848af0	QueryInterface.end	0	80004002	7f73be3f
2701072533239	9040	2564	2701072351123	19f86848af0	Release	0	5	-
2701072534097	9040	2564	2701072351123	19f86848af0	AddRef	0	6	-
2701072534376	9040	2564	2701072351123	19f86848af0	QueryInterface.begin	0	-	b7d14566
2701072534482	9040	2564	2701072351123	19f86848af0	AddRef	0	7	-
2701072534550	9040	2564	2701072351123	19f86848af0	QueryInterface.end	0	0	b7d14566
2701072568428	9040	2564	2701072351123	19f86848af0	QueryInterface.begin	0	-	b7d14566
2701072568951	9040	2564	2701072351123	19f86848af0	AddRef	0	8	-
2701072569023	9040	2564	2701072351123	19f86848af0	QueryInterface.end	0	0	b7d14566
2701072569742	9040	2564	2701072351123	19f86848af0	Release	0	7	-
2701072569928	9040	2564	2701072351123	19f86848af0	AddRef	0	8	-
2701072575967	9040	2564	2701072351123	19f86848af0	QueryInterface.begin	0	-	1c733a30
2701072576215	9040	2564	2701072351123	19f86848af0	QueryInterface.end	0	80004002	1c733a30
2701072576485	9040	2564	2701072351123	19f86848af0	Initialize.begin	0	-	test/switching/01-image.png
2701072576662	9040	2564	2701072351123	19f86848af0	Initialize.end	0	0	test/switching/01-image.png
2701072576975	9040	2564	2701072351123	19f86848af0	Release	0	7	test/switching/01-image.png
2701072577112	9040	2564	2701072351123	19f86848af0	AddRef	0	8	test/switching/01-image.png
2701072583448	9040	2564	2701072351123	19f86848af0	QueryInterface.begin	0	-	fc4801a3
2701072583643	9040	2564	2701072351123	19f86848af0	AddRef	0	9	test/switching/01-image.png
2701072583750	9040	2564	2701072351123	19f86848af0	QueryInterface.end	0	0	fc4801a3
2701072592679	9040	2564	2701072351123	19f86848af0	QueryInterface.begin	0	-	fc4801a3
2701072592838	9040	2564	2701072351123	19f86848af0	AddRef	0	10	test/switching/01-image.png
2701072592908	9040	2564	2701072351123	19f86848af0	QueryInterface.end	0	0	fc4801a3
2701072593553	9040	2564	2701072351123	19f86848af0	Release	0	9	test/switching/01-image.png
2701072593707	9040	2564	2701072351123	19f86848af0	AddRef	0	10	test/switching/01-image.png
2701072600856	9040	2564	2701072351123	19f86848af0	QueryInterface.begin	0	-	1c733a30
2701072601022	9040	2564	2701072351123	19f86848af0	QueryInterface.end	0	80004002	1c733a30
2701072602581	9040	2564	2701072351123	19f86848af0	SetSite.begin	0	-	site
2701072602738	9040	2564	2701072351123	19f86848af0	SetSite.end	0	0	site
2701072603097	9040	2564	2701072351123	19f86848af0	Release	0	9	test/switching/01-image.png
2701072603288	9040	2564	2701072351123	19f86848af0	AddRef	0	10	test/switching/01-image.png
2701072605544	9040	2564	2701072351123	19f86848af0	QueryInterface.begin	0	-	1c733a30
2701072605670	9040	2564	2701072351123	19f86848af0	QueryInterface.end	0	80004002	1c733a30
2701072605879	9040	2564	2701072351123	19f86848af0	SetWindow.begin	0	-	462580
2701072605939	9040	2564	2701072351123	19f86848af0	SetWindow.end	0	0	462580
2701072606225	9040	2564	2701072351123	19f86848af0	Release	0	9	test/switching/01-image.png
2701072606346	9040	2564	2701072351123	19f86848af0	AddRef	0	10	test/switching/01-image.png
2701072606797	9040	2564	2701072351123	19f86848af0	QueryInterface.begin	0	-	196bf9a5
2701072606888	9040	2564	2701072351123	19f86848af0	QueryInterface.end	0	80004002	196bf9a5
2701072607169	9040	2564	2701072351123	19f86848af0	Release	0	9	test/switching/01-image.png
2701072607275	9040	2564	2701072351123	19f86848af0	AddRef	0	10	test/switching/01-image.png
2701072607865	9040	2564	2701072351123	19f86848af0	DoPreview.begin	0	-	test/switching/01-image.png
2701073778062	9040	2564	2701072351123	19f86848af0	DoPreview.end	69408	0	test/switching/01-image.png
2701073781655	9040	2564	2701072351123	19f86848af0	Release	69408	9	test/switching/01-image.png
2701073781845	9040	2564	2701072351123	19f86848af0	AddRef	69408	10	test/switching/01-image.png
2701074015952	9040	2564	2701072351123	19f86848af0	SetRect.begin	69408	-	test/switching/01-image.png
2701074182387	9040	2564	2701072351123	19f86848af0	SetRect.end	69408	0	test/switching/01-image.png
2701074183798	9040	2564	2701072351123	19f86848af0	Release	69408	9	test/switching/01-image.png
2701074183987	9040	2564	2701072351123	19f86848af0	AddRef	69408	10	test/switching/01-image.png
2702003950053	9040	2564	2701072351123	19f86848af0	Unload.begin	69408	-	test/switching/01-image.png
2702003970824	9040	2564	2701072351123	19f86848af0	Unload.end	0	0	test/switching/01-image.png
2702003971461	9040	2564	2701072351123	19f86848af0	Release	0	9	test/switching/01-image.png
2702003971701	9040	2564	2701072351123	19f86848af0	AddRef	0	10	test/switching/01-image.png
2702003972272	9040	2564	2701072351123	19f86848af0	SetSite.begin	0	-	null
2702003982220	9040	2564	2701072351123	19f86848af0	SetSite.end	0	0	null
2702003982743	9040	2564	2701072351123	19f86848af0	Release	0	9	test/switching/01-image.png
2702003982946	9040	2564	2701072351123	19f86848af0	AddRef	0	10	test/switching/01-image.png
2702004131044	9040	2564	2701072351123	19f86848af0	QueryInterface.begin	0	-	b824b49d
2702004131617	9040	2564	2701072351123	19f86848af0	QueryInterface.end	0	80004002	b824b49d
2702004132234	9040	2564	2701072351123	19f86848af0	Release	0	9	test/switching/01-image.png
2702004132456	9040	2564	2701072351123	19f86848af0	AddRef	0	10	test/switching/01-image.png
2702004133674	9040	2564	2701072351123	19f86848af0	QueryInterface.begin	0	-	7f73be3f
2702004135371	9040	2564	2701072351123	19f86848af0	QueryInterface.end	0	80004002	7f73be3f
2702004135722	9040	2564	2701072351123	19f86848af0	Release	0	9	test/switching/01-image.png
2702004135892	9040	2564	2701072351123	19f86848af0	AddRef	0	10	test/switching/01-image.png
2702004137122	9040	2564	2701072351123	19f86848af0	Initialize.begin	0	-	test/switching/02-archive.zip
2702004137290	9040	2564	2701072351123	19f86848af0	Initialize.end	0	0	test/switching/02-archive.zip
2702004139784	9040	2564	2701072351123	19f86848af0	Release	0	9	test/switching/02-archive.zip
2702004139906	9040	2564	2701072351123	19f86848af0	AddRef	0	10	test/switching/02-archive.zip
2702004141934	9040	2564	2701072351123	19f86848af0	SetSite.begin	0	-	site
2702004142698	9040	2564	2701072351123	19f86848af0	SetSite.end	0	0	site
2702004142978	9040	2564	2701072351123	19f86848af0	Release	0	9	test/switching/02-archive.zip
2702004143074	9040	2564	2701072351123	19f86848af0	AddRef	0	10	test/switching/02-archive.zip
2702004144266	9040	2564	2701072351123	19f86848af0	SetWindow.begin	0	-	462580
2702004145865	9040	2564	2701072351123	19f86848af0	SetWindow.end	0	0	462580
2702004146123	9040	2564	2701072351123	19f86848af0	Release	0	9	test/switching/02-archive.zip
2702004146209	9040	2564	2701072351123	19f86848af0	AddRef	0	10	test/switching/02-archive.zip
2702004146824	9040	2564	2701072351123	19f86848af0	QueryInterface.begin	0	-	196bf9a5
2702004148975	9040	2564	2701072351123	19f86848af0	QueryInterface.end	0	80004002	196bf9a5
2702004149282	9040	2564	2701072351123	19f86848af0	Release	0	9	test/switching/02-archive.zip
2702004149380	9040	2564	2701072351123	19f86848af0	AddRef	0	10	test/switching/02-archive.zip
2702004150133	9040	2564	2701072351123	19f86848af0	DoPreview.begin	0	-	test/switching/02-archive.zip
2702004590321	9040	2564	2701072351123	19f86848af0	DoPreview.end	1707824	0	test/switching/02-archive.zip
2702004591155	9040	2564	2701072351123	19f86848af0	Release	1707824	9	test/switching/02-archive.zip
2702004592040	9040	2564	2701072351123	19f86848af0	AddRef	1707824	10	test/switching/02-archive.zip
2702008180125	9040	2564	2701072351123	19f86848af0	Unload.begin	1707824	-	test/switching/02-archive.zip
2702008226099	9040	2564	2701072351123	19f86848af0	Unload.end	0	0	test/switching/02-archive.zip
2702008227263	9040	2564	2701072351123	19f86848af0	Release	0	9	test/switching/02-archive.zip
2702008227425	9040	2564	2701072351123	19f86848af0	AddRef	0	10	test/switching/02-archive.zip
2702008228689	9040	2564	2701072351123	19f86848af0	SetSite.begin	0	-	null
2702008235245	9040	2564	2701072351123	19f86848af0	SetSite.end	0	0	null
2702008238819	9040	2564	2701072351123	19f86848af0	Release	0	9	test/switching/02-archive.zip
2702008239076	9040	2564	2701072351123	19f86848af0	AddRef	0	10	test/switching/02-archive.zip
2702008439093	9040	2564	2701072351123	19f86848af0	QueryInterface.begin	0	-	b824b49d
2702008439570	9040	2564	2701072351123	19f86848af0	QueryInterface.end	0	80004002	b824b49d
2702008440281	9040	2564	2701072351123	19f86848af0	Release	0	9	test/switching/02-archive.zip
2702008442930	9040	2564	2701072351123	19f86848af0	AddRef	0	10	test/switching/02-archive.zip
2702008443285	9040	2564	2701072351123	19f86848af0	QueryInterface.begin	0	-	7f73be3f
2702008443391	9040	2564	2701072351123	19f86848af0	QueryInterface.end	0	80004002	7f73be3f
2702008443837	9040	2564	2701072351123	19f86848af0	Release	0	9	test/switching/02-archive.zip
2702008444024	9040	2564	2701072351123	19f86848af0	AddRef	0	10	test/switching/02-archive.zip
2702008445715	9040	2564	2701072351123	19f86848af0	Initialize.begin	0	-	test/switching/03-markdown.md
2702008446010	9040	2564	2701072351123	19f86848af0	Initialize.end	0	0	test/switching/03-markdown.md
2702008446439	9040	2564	2701072351123	19f86848af0	Release	0	9	test/switching/03-markdown.md
2702008446678	9040	2564	2701072351123	19f86848af0	AddRef	0	10	test/switching/03-markdown.md
2702008450025	9040	2564	2701072351123	19f86848af0	SetSite.begin	0	-	site
2702008450210	9040	2564	2701072351123	19f86848af0	SetSite.end	0	0	site
2702008450587	9040	2564	2701072351123	19f86848af0	Release	0	9	test/switching/03-markdown.md
2702008450704	9040	2564	2701072351123	19f86848af0	AddRef	0	10	test/switching/03-markdown.md
2702008452509	9040	2564	2701072351123	19f86848af0	SetWindow.begin	0	-	462580
2702008452698	9040	2564	2701072351123	19f86848af0	SetWindow.end	0	0	462580
2702008453092	9040	2564	2701072351123	19f86848af0	Release	0	9	test/switching/03-markdown.md
2702008453231	9040	2564	2701072351123	19f86848af0	AddRef	0	10	test/switching/03-markdown.md
2702008453834	9040	2564	2701072351123	19f86848af0	QueryInterface.begin	0	-	196bf9a5
2702008453972	9040	2564	2701072351123	19f86848af0	QueryInterface.end	0	80004002	196bf9a5
2702008454308	9040	2564	2701072351123	19f86848af0	Release	0	9	test/switching/03-markdown.md
2702008454416	9040	2564	2701072351123	19f86848af0	AddRef	0	10	test/switching/03-markdown.md
2702008455041	9040	2564	2701072351123	19f86848af0	DoPreview.begin	0	-	test/switching/03-markdown.md
2702008684106	9040	2564	2701072351123	19f86848af0	DoPreview.end	462632	0	test/switching/03-markdown.md
2702008685084	9040	2564	2701072351123	19f86848af0	Release	462632	9	test/switching/03-markdown.md
2702008685358	9040	2564	2701072351123	19f86848af0	AddRef	462632	10	test/switching/03-markdown.md
2702013273529	9040	2564	2701072351123	19f86848af0	Unload.begin	462632	-	test/switching/03-markdown.md
2702013283117	9040	2564	2701072351123	19f86848af0	Unload.end	0	0	test/switching/03-markdown.md
2702013283970	9040	2564	2701072351123	19f86848af0	Release	0	9	test/switching/03-markdown.md
2702013284217	9040	2564	2701072351123	19f86848af0	AddRef	0	10	test/switching/03-markdown.md
2702013286288	9040	2564	2701072351123	19f86848af0	SetSite.begin	0	-	null
2702013289421	9040	2564	2701072351123	19f86848af0	SetSite.end	0	0	null
2702013289862	9040	2564	2701072351123	19f86848af0	Release	0	9	test/switching/03-markdown.md
2702013290044	9040	2564	2701072351123	19f86848af0	AddRef	0	10	test/switching/03-markdown.md
2702013479163	9040	2564	2701072351123	19f86848af0	QueryInterface.begin	0	-	b824b49d
2702013481575	9040	2564	2701072351123	19f86848af0	QueryInterface.end	0	80004002	b824b49d
2702013482068	9040	2564	2701072351123	19f86848af0	Release	0	9	test/switching/03-markdown.md
2702013482414	9040	2564	2701072351123	19f86848af0	AddRef	0	10	test/switching/03-markdown.md
2702013483512	9040	2564	2701072351123	19f86848af0	QueryInterface.begin	0	-	7f73be3f
2702013484911	9040	2564	2701072351123	19f86848af0	QueryInterface.end	0	80004002	7f73be3f
2702013485269	9040	2564	2701072351123	19f86848af0	Release	0	9	test/switching/03-markdown.md
2702013485445	9040	2564	2701072351123	19f86848af0	AddRef	0	10	test/switching/03-markdown.md
2702013486276	9040	2564	2701072351123	19f86848af0	Initialize.begin	0	-	test/switching/04-image.jpg
2702013488105	9040	2564	2701072351123	19f86848af0	Initialize.end	0	0	test/switching/04-image.jpg
2702013488536	9040	2564	2701072351123	19f86848af0	Release	0	9	test/switching/04-image.jpg
2702013488639	9040	2564	2701072351123	19f86848af0	AddRef	0	10	test/switching/04-image.jpg
2702013490274	9040	2564	2701072351123	19f86848af0	SetSite.begin	0	-	site
2702013490884	9040	2564	2701072351123	19f86848af0	SetSite.end	0	0	site
2702013491201	9040	2564	2701072351123	19f86848af0	Release	0	9	test/switching/04-image.jpg
2702013491416	9040	2564	2701072351123	19f86848af0	AddRef	0	10	test/switching/04-image.jpg
2702013492553	9040	2564	2701072351123	19f86848af0	SetWindow.begin	0	-	462580
2702013494531	9040	2564	2701072351123	19f86848af0	SetWindow.end	0	0	462580
2702013494847	9040	2564	2701072351123	19f86848af0	Release	0	9	test/switching/04-image.jpg
2702013495004	9040	2564	2701072351123	19f86848af0	AddRef	0	10	test/switching/04-image.jpg
2702013495335	9040	2564	2701072351123	19f86848af0	QueryInterface.begin	0	-	196bf9a5
2702013495426	9040	2564	2701072351123	19f86848af0	QueryInterface.end	0	80004002	196bf9a5
2702013495677	9040	2564	2701072351123	19f86848af0	Release	0	9	test/switching/04-image.jpg
2702013495793	9040	2564	2701072351123	19f86848af0	AddRef	0	10	test/switching/04-image.jpg
2702013496268	9040	2564	2701072351123	19f86848af0	DoPreview.begin	0	-	test/switching/04-image.jpg
2702014657957	9040	2564	2701072351123	19f86848af0	DoPreview.end	43188340	0	test/switching/04-image.jpg
2702014659165	9040	2564	2701072351123	19f86848af0	Release	43188340	9	test/switching/04-image.jpg
2702014659432	9040	2564	2701072351123	19f86848af0	AddRef	43188340	10	test/switching/04-image.jpg
2702017989424	9040	2564	2701072351123	19f86848af0	Unload.begin	43188340	-	test/switching/04-image.jpg
2702017998099	9040	2564	2701072351123	19f86848af0	Unload.end	0	0	test/switching/04-image.jpg
2702017998789	9040	2564	2701072351123	19f86848af0	Release	0	9	test/switching/04-image.jpg
2702017999026	9040	2564	2701072351123	19f86848af0	AddRef	0	10	test/switching/04-image.jpg
2702018000522	9040	2564	2701072351123	19f86848af0	SetSite.begin	0	-	null
2702018004605	9040	2564	2701072351123	19f86848af0	SetSite.end	0	0	null
2702018005582	9040	2564	2701072351123	19f86848af0	Release	0	9	test/switching/04-image.jpg
2702018005809	9040	2564	2701072351123	19f86848af0	AddRef	0	10	test/switching/04-image.jpg
2702018175217	9040	2564	2701072351123	19f86848af0	QueryInterface.begin	0	-	b824b49d
2702018175783	9040	2564	2701072351123	19f86848af0	QueryInterface.end	0	80004002	b824b49d
2702018176464	9040	2564	2701072351123	19f86848af0	Release	0	9	test/switching/04-image.jpg
2702018176687	9040	2564	2701072351123	19f86848af0	AddRef	0	10	test/switching/04-image.jpg
2702018177662	9040	2564	2701072351123	19f86848af0	QueryInterface.begin	0	-	7f73be3f
2702018179017	9040	2564	2701072351123	19f86848af0	QueryInterface.end	0	80004002	7f73be3f
2702018179420	9040	2564	2701072351123	19f86848af0	Release	0	9	test/switching/04-image.jpg
2702018179563	9040	2564	2701072351123	19f86848af0	AddRef	0	10	test/switching/04-image.jpg
2702018180689	9040	2564	2701072351123	19f86848af0	Initialize.begin	0	-	test/switching/05-archive.7z
2702018182451	9040	2564	2701072351123	19f86848af0	Initialize.end	0	0	test/switching/05-archive.7z
2702018182850	9040	2564	2701072351123	19f86848af0	Release	0	9	test/switching/05-archive.7z
2702018183024	9040	2564	2701072351123	19f86848af0	AddRef	0	10	test/switching/05-archive.7z
2702018185293	9040	2564	2701072351123	19f86848af0	SetSite.begin	0	-	site
2702018185795	9040	2564	2701072351123	19f86848af0	SetSite.end	0	0	site
2702018186124	9040	2564	2701072351123	19f86848af0	Release	0	9	test/switching/05-archive.7z
2702018186293	9040	2564	2701072351123	19f86848af0	AddRef	0	10	test/switching/05-archive.7z
2702018188015	9040	2564	2701072351123	19f86848af0	SetWindow.begin	0	-	462580
2702018190203	9040	2564	2701072351123	19f86848af0	SetWindow.end	0	0	462580
2702018190617	9040	2564	2701072351123	19f86848af0	Release	0	9	test/switching/05-archive.7z
2702018191126	9040	2564	2701072351123	19f86848af0	AddRef	0	10	test/switching/05-archive.7z
2702018192351	9040	2564	2701072351123	19f86848af0	QueryInterface.begin	0	-	196bf9a5
2702018192580	9040	2564	2701072351123	19f86848af0	QueryInterface.end	0	80004002	196bf9a5
2702018193151	9040	2564	2701072351123	19f86848af0	Release	0	9	test/switching/05-archive.7z
2702018193298	9040	2564	2701072351123	19f86848af0	AddRef	0	10	test/switching/05-archive.7z
2702018193801	9040	2564	2701072351123	19f86848af0	DoPreview.begin	0	-	test/switching/05-archive.7z
2702018492056	9040	2564	2701072351123	19f86848af0	DoPreview.end	527858	0	test/switching/05-archive.7z
2702018494834	9040	2564	2701072351123	19f86848af0	Release	527858	9	test/switching/05-archive.7z
2702018495110	9040	2564	2701072351123	19f86848af0	AddRef	527858	10	test/switching/05-archive.7z
2702022826214	9040	2564	2701072351123	19f86848af0	Unload.begin	527858	-	test/switching/05-archive.7z
2702022834486	9040	2564	2701072351123	19f86848af0	Unload.end	0	0	test/switching/05-archive.7z
2702022835365	9040	2564	2701072351123	19f86848af0	Release	0	9	test/switching/05-archive.7z
2702022835636	9040	2564	2701072351123	19f86848af0	AddRef	0	10	test/switching/05-archive.7z
2702022839159	9040	2564	2701072351123	19f86848af0	SetSite.begin	0	-	null
2702022845210	9040	2564	2701072351123	19f86848af0	SetSite.end	0	0	null
2702022849082	9040	2564	2701072351123	19f86848af0	Release	0	9	test/switching/05-archive.7z
2702022849301	9040	2564	2701072351123	19f86848af0	AddRef	0	10	test/switching/05-archive.7z
2702023013532	9040	2564	2701072351123	19f86848af0	QueryInterface.begin	0	-	b824b49d
2702023015081	9040	2564	2701072351123	19f86848af0	QueryInterface.end	0	80004002	b824b49d
2702023015650	9040	2564	2701072351123	19f86848af0	Release	0	9	test/switching/05-archive.7z
2702023015780	9040	2564	2701072351123	19f86848af0	AddRef	0	10	test/switching/05-archive.7z
2702023016416	9040	2564	2701072351123	19f86848af0	QueryInterface.begin	0	-	7f73be3f
2702023016576	9040	2564	2701072351123	19f86848af0	QueryInterface.end	0	80004002	7f73be3f
2702023016920	9040	2564	2701072351123	19f86848af0	Release	0	9	test/switching/05-archive.7z
2702023017054	9040	2564	2701072351123	19f86848af0	AddRef	0	10	test/switching/05-archive.7z
2702023019888	9040	2564	2701072351123	19f86848af0	Initialize.begin	0	-	test/switching/06-markdown.markdown
2702023020017	9040	2564	2701072351123	19f86848af0	Initialize.end	0	0	test/switching/06-markdown.markdown
2702023021076	9040	2564	2701072351123	19f86848af0	Release	0	9	test/switching/06-markdown.markdown
2702023021337	9040	2564	2701072351123	19f86848af0	AddRef	0	10	test/switching/06-markdown.markdown
2702023023069	9040	2564	2701072351123	19f86848af0	SetSite.begin	0	-	site
2702023023554	9040	2564	2701072351123	19f86848af0	SetSite.end	0	0	site
2702023023897	9040	2564	2701072351123	19f86848af0	Release	0	9	test/switching/06-markdown.markdown
2702023024723	9040	2564	2701072351123	19f86848af0	AddRef	0	10	test/switching/06-markdown.markdown
2702023035238	9040	2564	2701072351123	19f86848af0	SetWindow.begin	0	-	462580
2702023035410	9040	2564	2701072351123	19f86848af0	SetWindow.end	0	0	462580
2702023035767	9040	2564	2701072351123	19f86848af0	Release	0	9	test/switching/06-markdown.markdown
2702023035983	9040	2564	2701072351123	19f86848af0	AddRef	0	10	test/switching/06-markdown.markdown
2702023037800	9040	2564	2701072351123	19f86848af0	QueryInterface.begin	0	-	196bf9a5
2702023037944	9040	2564	2701072351123	19f86848af0	QueryInterface.end	0	80004002	196bf9a5
2702023038354	9040	2564	2701072351123	19f86848af0	Release	0	9	test/switching/06-markdown.markdown
2702023038531	9040	2564	2701072351123	19f86848af0	AddRef	0	10	test/switching/06-markdown.markdown
2702023041020	9040	2564	2701072351123	19f86848af0	DoPreview.begin	0	-	test/switching/06-markdown.markdown
2702023271525	9040	2564	2701072351123	19f86848af0	DoPreview.end	528042	0	test/switching/06-markdown.markdown
2702023272631	9040	2564	2701072351123	19f86848af0	Release	528042	9	test/switching/06-markdown.markdown
2702023274620	9040	2564	2701072351123	19f86848af0	AddRef	528042	10	test/switching/06-markdown.markdown
2702027817591	9040	2564	2701072351123	19f86848af0	Unload.begin	528042	-	test/switching/06-markdown.markdown
2702027829336	9040	2564	2701072351123	19f86848af0	Unload.end	0	0	test/switching/06-markdown.markdown
2702027833121	9040	2564	2701072351123	19f86848af0	SetSite.begin	0	-	null
2702027835764	9040	2564	2701072351123	19f86848af0	SetSite.end	0	0	null
2702027837651	9040	2564	2701072351123	19f86848af0	Release	0	9	test/switching/06-markdown.markdown
2702027838056	9040	2564	2701072351123	19f86848af0	AddRef	0	10	test/switching/06-markdown.markdown
2702028028939	9040	2564	2701072351123	19f86848af0	QueryInterface.begin	0	-	b824b49d
2702028030394	9040	2564	2701072351123	19f86848af0	QueryInterface.end	0	80004002	b824b49d
2702028030841	9040	2564	2701072351123	19f86848af0	Release	0	9	test/switching/06-markdown.markdown
2702028031032	9040	2564	2701072351123	19f86848af0	AddRef	0	10	test/switching/06-markdown.markdown
2702028034158	9040	2564	2701072351123	19f86848af0	QueryInterface.begin	0	-	7f73be3f
2702028036538	9040	2564	2701072351123	19f86848af0	QueryInterface.end	0	80004002	7f73be3f
2702028036967	9040	2564	2701072351123	19f86848af0	Release	0	9	test/switching/06-markdown.markdown
2702028037160	9040	2564	2701072351123	19f86848af0	AddRef	0	10	test/switching/06-markdown.markdown
2702028038144	9040	2564	2701072351123	19f86848af0	Initialize.begin	0	-	test/switching/07-image.jpeg
2702028040710	9040	2564	2701072351123	19f86848af0	Initialize.end	0	0	test/switching/07-image.jpeg
2702028041080	9040	2564	2701072351123	19f86848af0	Release	0	9	test/switching/07-image.jpeg
2702028041598	9040	2564	2701072351123	19f86848af0	AddRef	0	10	test/switching/07-image.jpeg
2702028045747	9040	2564	2701072351123	19f86848af0	SetSite.begin	0	-	site
2702028047735	9040	2564	2701072351123	19f86848af0	SetSite.end	0	0	site
2702028048067	9040	2564	2701072351123	19f86848af0	Release	0	9	test/switching/07-image.jpeg
2702028048257	9040	2564	2701072351123	19f86848af0	AddRef	0	10	test/switching/07-image.jpeg
2702028049142	9040	2564	2701072351123	19f86848af0	SetWindow.begin	0	-	462580
2702028050512	9040	2564	2701072351123	19f86848af0	SetWindow.end	0	0	462580
2702028050830	9040	2564	2701072351123	19f86848af0	Release	0	9	test/switching/07-image.jpeg
2702028050980	9040	2564	2701072351123	19f86848af0	AddRef	0	10	test/switching/07-image.jpeg
2702028051281	9040	2564	2701072351123	19f86848af0	QueryInterface.begin	0	-	196bf9a5
2702028051382	9040	2564	2701072351123	19f86848af0	QueryInterface.end	0	80004002	196bf9a5
2702028051638	9040	2564	2701072351123	19f86848af0	Release	0	9	test/switching/07-image.jpeg
2702028051738	9040	2564	2701072351123	19f86848af0	AddRef	0	10	test/switching/07-image.jpeg
2702028052185	9040	2564	2701072351123	19f86848af0	DoPreview.begin	0	-	test/switching/07-image.jpeg
2702029109509	9040	2564	2701072351123	19f86848af0	DoPreview.end	1380014	0	test/switching/07-image.jpeg
2702029112278	9040	2564	2701072351123	19f86848af0	Release	1380014	9	test/switching/07-image.jpeg
2702029112559	9040	2564	2701072351123	19f86848af0	AddRef	1380014	10	test/switching/07-image.jpeg
2702033214589	9040	2564	2701072351123	19f86848af0	Unload.begin	1380014	-	test/switching/07-image.jpeg
2702033222198	9040	2564	2701072351123	19f86848af0	Unload.end	0	0	test/switching/07-image.jpeg
2702033222859	9040	2564	2701072351123	19f86848af0	Release	0	9	test/switching/07-image.jpeg
2702033223067	9040	2564	2701072351123	19f86848af0	AddRef	0	10	test/switching/07-image.jpeg
2702033224786	9040	2564	2701072351123	19f86848af0	SetSite.begin	0	-	null
2702033227627	9040	2564	2701072351123	19f86848af0	SetSite.end	0	0	null
2702033227949	9040	2564	2701072351123	19f86848af0	Release	0	9	test/switching/07-image.jpeg
2702033228028	9040	2564	2701072351123	19f86848af0	AddRef	0	10	test/switching/07-image.jpeg
2702033404447	9040	2564	2701072351123	19f86848af0	QueryInterface.begin	0	-	b824b49d
2702033405598	9040	2564	2701072351123	19f86848af0	QueryInterface.end	0	80004002	b824b49d
2702033406259	9040	2564	2701072351123	19f86848af0	Release	0	9	test/switching/07-image.jpeg
2702033409022	9040	2564	2701072351123	19f86848af0	AddRef	0	10	test/switching/07-image.jpeg
2702033412020	9040	2564	2701072351123	19f86848af0	QueryInterface.begin	0	-	7f73be3f
2702033412236	9040	2564	2701072351123	19f86848af0	QueryInterface.end	0	80004002	7f73be3f
2702033412746	9040	2564	2701072351123	19f86848af0	Release	0	9	test/switching/07-image.jpeg
2702033413044	9040	2564	2701072351123	19f86848af0	AddRef	0	10	test/switching/07-image.jpeg
2702033427902	9040	2564	2701072351123	19f86848af0	Initialize.begin	0	-	test/switching/08-archive.rar
2702033428169	9040	2564	2701072351123	19f86848af0	Initialize.end	0	0	test/switching/08-archive.rar
2702033428583	9040	2564	2701072351123	19f86848af0	Release	0	9	test/switching/08-archive.rar
2702033428794	9040	2564	2701072351123	19f86848af0	AddRef	0	10	test/switching/08-archive.rar
2702033436499	9040	2564	2701072351123	19f86848af0	SetSite.begin	0	-	site
2702033436686	9040	2564	2701072351123	19f86848af0	SetSite.end	0	0	site
2702033437011	9040	2564	2701072351123	19f86848af0	Release	0	9	test/switching/08-archive.rar
2702033437180	9040	2564	2701072351123	19f86848af0	AddRef	0	10	test/switching/08-archive.rar
2702033442775	9040	2564	2701072351123	19f86848af0	SetWindow.begin	0	-	462580
2702033442995	9040	2564	2701072351123	19f86848af0	SetWindow.end	0	0	462580
2702033443409	9040	2564	2701072351123	19f86848af0	Release	0	9	test/switching/08-archive.rar
2702033443607	9040	2564	2701072351123	19f86848af0	AddRef	0	10	test/switching/08-archive.rar
2702033446560	9040	2564	2701072351123	19f86848af0	QueryInterface.begin	0	-	196bf9a5
2702033446748	9040	2564	2701072351123	19f86848af0	QueryInterface.end	0	80004002	196bf9a5
2702033447106	9040	2564	2701072351123	19f86848af0	Release	0	9	test/switching/08-archive.rar
2702033447202	9040	2564	2701072351123	19f86848af0	AddRef	0	10	test/switching/08-archive.rar
2702033447986	9040	2564	2701072351123	19f86848af0	DoPreview.begin	0	-	test/switching/08-archive.rar
2702033832081	9040	2564	2701072351123	19f86848af0	DoPreview.end	2756082	0	test/switching/08-archive.rar
2702033835516	9040	2564	2701072351123	19f86848af0	Release	2756082	9	test/switching/08-archive.rar
2702033835777	9040	2564	2701072351123	19f86848af0	AddRef	2756082	10	test/switching/08-archive.rar
2702038345199	9040	2564	2701072351123	19f86848af0	Unload.begin	2756082	-	test/switching/08-archive.rar
2702038355077	9040	2564	2701072351123	19f86848af0	Unload.end	0	0	test/switching/08-archive.rar
2702038356265	9040	2564	2701072351123	19f86848af0	Release	0	9	test/switching/08-archive.rar
2702038356485	9040	2564	2701072351123	19f86848af0	AddRef	0	10	test/switching/08-archive.rar
2702038359180	9040	2564	2701072351123	19f86848af0	SetSite.begin	0	-	null
2702038361991	9040	2564	2701072351123	19f86848af0	SetSite.end	0	0	null
2702038362598	9040	2564	2701072351123	19f86848af0	Release	0	9	test/switching/08-archive.rar
2702038362718	9040	2564	2701072351123	19f86848af0	AddRef	0	10	test/switching/08-archive.rar
2702038555758	9040	2564	2701072351123	19f86848af0	QueryInterface.begin	0	-	b824b49d
2702038557066	9040	2564	2701072351123	19f86848af0	QueryInterface.end	0	80004002	b824b49d
2702038557981	9040	2564	2701072351123	19f86848af0	Release	0	9	test/switching/08-archive.rar
2702038560534	9040	2564	2701072351123	19f86848af0	AddRef	0	10	test/switching/08-archive.rar
2702038570419	9040	2564	2701072351123	19f86848af0	QueryInterface.begin	0	-	7f73be3f
2702038570660	9040	2564	2701072351123	19f86848af0	QueryInterface.end	0	80004002	7f73be3f
2702038573695	9040	2564	2701072351123	19f86848af0	Release	0	9	test/switching/08-archive.rar
2702038576013	9040	2564	2701072351123	19f86848af0	AddRef	0	10	test/switching/08-archive.rar
2702038586864	9040	2564	2701072351123	19f86848af0	Initialize.begin	0	-	test/switching/09-image.tif
2702038591113	9040	2564	2701072351123	19f86848af0	Initialize.end	0	0	test/switching/09-image.tif
2702038591685	9040	2564	2701072351123	19f86848af0	Release	0	9	test/switching/09-image.tif
2702038591814	9040	2564	2701072351123	19f86848af0	AddRef	0	10	test/switching/09-image.tif
2702038595419	9040	2564	2701072351123	19f86848af0	SetSite.begin	0	-	site
2702038598979	9040	2564	2701072351123	19f86848af0	SetSite.end	0	0	site
2702038599597	9040	2564	2701072351123	19f86848af0	Release	0	9	test/switching/09-image.tif
2702038599869	9040	2564	2701072351123	19f86848af0	AddRef	0	10	test/switching/09-image.tif
2702038601830	9040	2564	2701072351123	19f86848af0	SetWindow.begin	0	-	462580
2702038605159	9040	2564	2701072351123	19f86848af0	SetWindow.end	0	0	462580
2702038605739	9040	2564	2701072351123	19f86848af0	Release	0	9	test/switching/09-image.tif
2702038605877	9040	2564	2701072351123	19f86848af0	AddRef	0	10	test/switching/09-image.tif
2702038606529	9040	2564	2701072351123	19f86848af0	QueryInterface.begin	0	-	196bf9a5
2702038608953	9040	2564	2701072351123	19f86848af0	QueryInterface.end	0	80004002	196bf9a5
2702038612148	9040	2564	2701072351123	19f86848af0	Release	0	9	test/switching/09-image.tif
2702038612354	9040	2564	2701072351123	19f86848af0	AddRef	0	10	test/switching/09-image.tif
2702038613202	9040	2564	2701072351123	19f86848af0	DoPreview.begin	0	-	test/switching/09-image.tif
2702039444076	9040	2564	2701072351123	19f86848af0	DoPreview.end	20383898	0	test/switching/09-image.tif
2702039446341	9040	2564	2701072351123	19f86848af0	Release	20383898	9	test/switching/09-image.tif
2702039446541	9040	2564	2701072351123	19f86848af0	AddRef	20383898	10	test/switching/09-image.tif
2702043466827	9040	2564	2701072351123	19f86848af0	Unload.begin	20383898	-	test/switching/09-image.tif
2702043475038	9040	2564	2701072351123	19f86848af0	Unload.end	0	0	test/switching/09-image.tif
2702043475692	9040	2564	2701072351123	19f86848af0	Release	0	9	test/switching/09-image.tif
2702043475957	9040	2564	2701072351123	19f86848af0	AddRef	0	10	test/switching/09-image.tif
2702043477941	9040	2564	2701072351123	19f86848af0	SetSite.begin	0	-	null
2702043480766	9040	2564	2701072351123	19f86848af0	SetSite.end	0	0	null
2702043481220	9040	2564	2701072351123	19f86848af0	Release	0	9	test/switching/09-image.tif
2702043481351	9040	2564	2701072351123	19f86848af0	AddRef	0	10	test/switching/09-image.tif
2702043677675	9040	2564	2701072351123	19f86848af0	QueryInterface.begin	0	-	b824b49d
2702043680201	9040	2564	2701072351123	19f86848af0	QueryInterface.end	0	80004002	b824b49d
2702043680794	9040	2564	2701072351123	19f86848af0	Release	0	9	test/switching/09-image.tif
2702043682815	9040	2564	2701072351123	19f86848af0	AddRef	0	10	test/switching/09-image.tif
2702043683109	9040	2564	2701072351123	19f86848af0	QueryInterface.begin	0	-	7f73be3f
2702043683198	9040	2564	2701072351123	19f86848af0	QueryInterface.end	0	80004002	7f73be3f
2702043683660	9040	2564	2701072351123	19f86848af0	Release	0	9	test/switching/09-image.tif
2702043683873	9040	2564	2701072351123	19f86848af0	AddRef	0	10	test/switching/09-image.tif
2702043684911	9040	2564	2701072351123	19f86848af0	Initialize.begin	0	-	test/switching/10-image.tiff
2702043685060	9040	2564	2701072351123	19f86848af0	Initialize.end	0	0	test/switching/10-image.tiff
2702043685407	9040	2564	2701072351123	19f86848af0	Release	0	9	test/switching/10-image.tiff
2702043688004	9040	2564	2701072351123	19f86848af0	AddRef	0	10	test/switching/10-image.tiff
2702043689779	9040	2564	2701072351123	19f86848af0	SetSite.begin	0	-	site
2702043691182	9040	2564	2701072351123	19f86848af0	SetSite.end	0	0	site
2702043691585	9040	2564	2701072351123	19f86848af0	Release	0	9	test/switching/10-image.tiff
2702043691689	9040	2564	2701072351123	19f86848af0	AddRef	0	10	test/switching/10-image.tiff
2702043693070	9040	2564	2701072351123	19f86848af0	SetWindow.begin	0	-	462580
2702043695146	9040	2564	2701072351123	19f86848af0	SetWindow.end	0	0	462580
2702043695478	9040	2564	2701072351123	19f86848af0	Release	0	9	test/switching/10-image.tiff
2702043695693	9040	2564	2701072351123	19f86848af0	AddRef	0	10	test/switching/10-image.tiff
2702043696006	9040	2564	2701072351123	19f86848af0	QueryInterface.begin	0	-	196bf9a5
2702043696109	9040	2564	2701072351123	19f86848af0	QueryInterface.end	0	80004002	196bf9a5
2702043696402	9040	2564	2701072351123	19f86848af0	Release	0	9	test/switching/10-image.tiff
2702043698869	9040	2564	2701072351123	19f86848af0	AddRef	0	10	test/switching/10-image.tiff
2702043699175	9040	2564	2701072351123	19f86848af0	DoPreview.begin	0	-	test/switching/10-image.tiff
2702044737715	9040	2564	2701072351123	19f86848af0	DoPreview.end	6360102	0	test/switching/10-image.tiff
2702044738866	9040	2564	2701072351123	19f86848af0	Release	6360102	9	test/switching/10-image.tiff
2702044740813	9040	2564	2701072351123	19f86848af0	AddRef	6360102	10	test/switching/10-image.tiff
2702048446914	9040	2564	2701072351123	19f86848af0	Unload.begin	6360102	-	test/switching/10-image.tiff
2702048457550	9040	2564	2701072351123	19f86848af0	Unload.end	0	0	test/switching/10-image.tiff
2702048458739	9040	2564	2701072351123	19f86848af0	Release	0	9	test/switching/10-image.tiff
2702048459001	9040	2564	2701072351123	19f86848af0	AddRef	0	10	test/switching/10-image.tiff
2702048461149	9040	2564	2701072351123	19f86848af0	SetSite.begin	0	-	null
2702048463780	9040	2564	2701072351123	19f86848af0	SetSite.end	0	0	null
2702048464567	9040	2564	2701072351123	19f86848af0	Release	0	9	test/switching/10-image.tiff
2702048464689	9040	2564	2701072351123	19f86848af0	AddRef	0	10	test/switching/10-image.tiff
2702048657669	9040	2564	2701072351123	19f86848af0	QueryInterface.begin	0	-	b824b49d
2702048659176	9040	2564	2701072351123	19f86848af0	QueryInterface.end	0	80004002	b824b49d
2702048659721	9040	2564	2701072351123	19f86848af0	Release	0	9	test/switching/10-image.tiff
2702048659885	9040	2564	2701072351123	19f86848af0	AddRef	0	10	test/switching/10-image.tiff
2702048661061	9040	2564	2701072351123	19f86848af0	QueryInterface.begin	0	-	7f73be3f
2702048662561	9040	2564	2701072351123	19f86848af0	QueryInterface.end	0	80004002	7f73be3f
2702048662972	9040	2564	2701072351123	19f86848af0	Release	0	9	test/switching/10-image.tiff
2702048663098	9040	2564	2701072351123	19f86848af0	AddRef	0	10	test/switching/10-image.tiff
2702048664015	9040	2564	2701072351123	19f86848af0	Initialize.begin	0	-	test/switching/11-image.bmp
2702048666377	9040	2564	2701072351123	19f86848af0	Initialize.end	0	0	test/switching/11-image.bmp
2702048668312	9040	2564	2701072351123	19f86848af0	Release	0	9	test/switching/11-image.bmp
2702048668557	9040	2564	2701072351123	19f86848af0	AddRef	0	10	test/switching/11-image.bmp
2702048670427	9040	2564	2701072351123	19f86848af0	SetSite.begin	0	-	site
2702048673899	9040	2564	2701072351123	19f86848af0	SetSite.end	0	0	site
2702048674161	9040	2564	2701072351123	19f86848af0	Release	0	9	test/switching/11-image.bmp
2702048674379	9040	2564	2701072351123	19f86848af0	AddRef	0	10	test/switching/11-image.bmp
2702048676211	9040	2564	2701072351123	19f86848af0	SetWindow.begin	0	-	462580
2702048678062	9040	2564	2701072351123	19f86848af0	SetWindow.end	0	0	462580
2702048680479	9040	2564	2701072351123	19f86848af0	Release	0	9	test/switching/11-image.bmp
2702048680707	9040	2564	2701072351123	19f86848af0	AddRef	0	10	test/switching/11-image.bmp
2702048681104	9040	2564	2701072351123	19f86848af0	QueryInterface.begin	0	-	196bf9a5
2702048681207	9040	2564	2701072351123	19f86848af0	QueryInterface.end	0	80004002	196bf9a5
2702048683632	9040	2564	2701072351123	19f86848af0	Release	0	9	test/switching/11-image.bmp
2702048685497	9040	2564	2701072351123	19f86848af0	AddRef	0	10	test/switching/11-image.bmp
2702048685733	9040	2564	2701072351123	19f86848af0	DoPreview.begin	0	-	test/switching/11-image.bmp
2702049864785	9040	2564	2701072351123	19f86848af0	DoPreview.end	9047748	0	test/switching/11-image.bmp
2702049866421	9040	2564	2701072351123	19f86848af0	Release	9047748	9	test/switching/11-image.bmp
2702049866519	9040	2564	2701072351123	19f86848af0	AddRef	9047748	10	test/switching/11-image.bmp
2702053311340	9040	2564	2701072351123	19f86848af0	Unload.begin	9047748	-	test/switching/11-image.bmp
2702053318902	9040	2564	2701072351123	19f86848af0	Unload.end	0	0	test/switching/11-image.bmp
2702053319681	9040	2564	2701072351123	19f86848af0	Release	0	9	test/switching/11-image.bmp
2702053319903	9040	2564	2701072351123	19f86848af0	AddRef	0	10	test/switching/11-image.bmp
2702053321809	9040	2564	2701072351123	19f86848af0	SetSite.begin	0	-	null
2702053327395	9040	2564	2701072351123	19f86848af0	SetSite.end	0	0	null
2702053328257	9040	2564	2701072351123	19f86848af0	Release	0	9	test/switching/11-image.bmp
2702053328650	9040	2564	2701072351123	19f86848af0	AddRef	0	10	test/switching/11-image.bmp
2702053521866	9040	2564	2701072351123	19f86848af0	QueryInterface.begin	0	-	b824b49d
2702053525040	9040	2564	2701072351123	19f86848af0	QueryInterface.end	0	80004002	b824b49d
2702053525656	9040	2564	2701072351123	19f86848af0	Release	0	9	test/switching/11-image.bmp
2702053525880	9040	2564	2701072351123	19f86848af0	AddRef	0	10	test/switching/11-image.bmp
2702053528463	9040	2564	2701072351123	19f86848af0	QueryInterface.begin	0	-	7f73be3f
2702053528603	9040	2564	2701072351123	19f86848af0	QueryInterface.end	0	80004002	7f73be3f
2702053528982	9040	2564	2701072351123	19f86848af0	Release	0	9	test/switching/11-image.bmp
2702053529163	9040	2564	2701072351123	19f86848af0	AddRef	0	10	test/switching/11-image.bmp
2702053530239	9040	2564	2701072351123	19f86848af0	Initialize.begin	0	-	test/switching/12-image.webp
2702053531769	9040	2564	2701072351123	19f86848af0	Initialize.end	0	0	test/switching/12-image.webp
2702053532080	9040	2564	2701072351123	19f86848af0	Release	0	9	test/switching/12-image.webp
2702053532259	9040	2564	2701072351123	19f86848af0	AddRef	0	10	test/switching/12-image.webp
2702053536129	9040	2564	2701072351123	19f86848af0	SetSite.begin	0	-	site
2702053536329	9040	2564	2701072351123	19f86848af0	SetSite.end	0	0	site
2702053540762	9040	2564	2701072351123	19f86848af0	Release	0	9	test/switching/12-image.webp
2702053540931	9040	2564	2701072351123	19f86848af0	AddRef	0	10	test/switching/12-image.webp
2702053545139	9040	2564	2701072351123	19f86848af0	SetWindow.begin	0	-	462580
2702053545298	9040	2564	2701072351123	19f86848af0	SetWindow.end	0	0	462580
2702053545629	9040	2564	2701072351123	19f86848af0	Release	0	9	test/switching/12-image.webp
2702053548781	9040	2564	2701072351123	19f86848af0	AddRef	0	10	test/switching/12-image.webp
2702053549135	9040	2564	2701072351123	19f86848af0	QueryInterface.begin	0	-	196bf9a5
2702053549246	9040	2564	2701072351123	19f86848af0	QueryInterface.end	0	80004002	196bf9a5
2702053549791	9040	2564	2701072351123	19f86848af0	Release	0	9	test/switching/12-image.webp
2702053549913	9040	2564	2701072351123	19f86848af0	AddRef	0	10	test/switching/12-image.webp
2702053553926	9040	2564	2701072351123	19f86848af0	DoPreview.begin	0	-	test/switching/12-image.webp
2702055251934	9040	2564	2701072351123	19f86848af0	DoPreview.end	20711578	0	test/switching/12-image.webp
2702055252829	9040	2564	2701072351123	19f86848af0	Release	20711578	9	test/switching/12-image.webp
2702055253012	9040	2564	2701072351123	19f86848af0	AddRef	20711578	10	test/switching/12-image.webp
2702058946202	9040	2564	2701072351123	19f86848af0	Unload.begin	20711578	-	test/switching/12-image.webp
2702058955230	9040	2564	2701072351123	19f86848af0	Unload.end	0	0	test/switching/12-image.webp
2702058955849	9040	2564	2701072351123	19f86848af0	Release	0	9	test/switching/12-image.webp
2702058956016	9040	2564	2701072351123	19f86848af0	AddRef	0	10	test/switching/12-image.webp
2702058957782	9040	2564	2701072351123	19f86848af0	SetSite.begin	0	-	null
2702058960850	9040	2564	2701072351123	19f86848af0	SetSite.end	0	0	null
2702058961254	9040	2564	2701072351123	19f86848af0	Release	0	9	test/switching/12-image.webp
2702058961452	9040	2564	2701072351123	19f86848af0	AddRef	0	10	test/switching/12-image.webp
2702059213885	9040	2564	2701072351123	19f86848af0	QueryInterface.begin	0	-	b824b49d
2702059214692	9040	2564	2701072351123	19f86848af0	QueryInterface.end	0	80004002	b824b49d
2702059215260	9040	2564	2701072351123	19f86848af0	Release	0	9	test/switching/12-image.webp
2702059215385	9040	2564	2701072351123	19f86848af0	AddRef	0	10	test/switching/12-image.webp
2702059216332	9040	2564	2701072351123	19f86848af0	QueryInterface.begin	0	-	7f73be3f
2702059218736	9040	2564	2701072351123	19f86848af0	QueryInterface.end	0	80004002	7f73be3f
2702059219242	9040	2564	2701072351123	19f86848af0	Release	0	9	test/switching/12-image.webp
2702059219479	9040	2564	2701072351123	19f86848af0	AddRef	0	10	test/switching/12-image.webp
2702059220334	9040	2564	2701072351123	19f86848af0	Initialize.begin	0	-	test/switching/13-image.ico
2702059222047	9040	2564	2701072351123	19f86848af0	Initialize.end	0	0	test/switching/13-image.ico
2702059222433	9040	2564	2701072351123	19f86848af0	Release	0	9	test/switching/13-image.ico
2702059222611	9040	2564	2701072351123	19f86848af0	AddRef	0	10	test/switching/13-image.ico
2702059224281	9040	2564	2701072351123	19f86848af0	SetSite.begin	0	-	site
2702059225610	9040	2564	2701072351123	19f86848af0	SetSite.end	0	0	site
2702059226091	9040	2564	2701072351123	19f86848af0	Release	0	9	test/switching/13-image.ico
2702059226268	9040	2564	2701072351123	19f86848af0	AddRef	0	10	test/switching/13-image.ico
2702059227748	9040	2564	2701072351123	19f86848af0	SetWindow.begin	0	-	462580
2702059229516	9040	2564	2701072351123	19f86848af0	SetWindow.end	0	0	462580
2702059230020	9040	2564	2701072351123	19f86848af0	Release	0	9	test/switching/13-image.ico
2702059230272	9040	2564	2701072351123	19f86848af0	AddRef	0	10	test/switching/13-image.ico
2702059230661	9040	2564	2701072351123	19f86848af0	QueryInterface.begin	0	-	196bf9a5
2702059230868	9040	2564	2701072351123	19f86848af0	QueryInterface.end	0	80004002	196bf9a5
2702059231275	9040	2564	2701072351123	19f86848af0	Release	0	9	test/switching/13-image.ico
2702059231490	9040	2564	2701072351123	19f86848af0	AddRef	0	10	test/switching/13-image.ico
2702059232269	9040	2564	2701072351123	19f86848af0	DoPreview.begin	0	-	test/switching/13-image.ico
2702060504212	9040	2564	2701072351123	19f86848af0	DoPreview.end	5246634	0	test/switching/13-image.ico
2702060508034	9040	2564	2701072351123	19f86848af0	Release	5246634	9	test/switching/13-image.ico
2702060508326	9040	2564	2701072351123	19f86848af0	AddRef	5246634	10	test/switching/13-image.ico
2702063968398	9040	2564	2701072351123	19f86848af0	Unload.begin	5246634	-	test/switching/13-image.ico
2702063977730	9040	2564	2701072351123	19f86848af0	Unload.end	0	0	test/switching/13-image.ico
2702063978546	9040	2564	2701072351123	19f86848af0	Release	0	9	test/switching/13-image.ico
2702063978923	9040	2564	2701072351123	19f86848af0	AddRef	0	10	test/switching/13-image.ico
2702063981256	9040	2564	2701072351123	19f86848af0	SetSite.begin	0	-	null
2702063984336	9040	2564	2701072351123	19f86848af0	SetSite.end	0	0	null
2702063985429	9040	2564	2701072351123	19f86848af0	Release	0	9	test/switching/13-image.ico
2702063985651	9040	2564	2701072351123	19f86848af0	AddRef	0	10	test/switching/13-image.ico
2702064223919	9040	2564	2701072351123	19f86848af0	QueryInterface.begin	0	-	b824b49d
2702064226193	9040	2564	2701072351123	19f86848af0	QueryInterface.end	0	80004002	b824b49d
2702064226930	9040	2564	2701072351123	19f86848af0	Release	0	9	test/switching/13-image.ico
2702064227179	9040	2564	2701072351123	19f86848af0	AddRef	0	10	test/switching/13-image.ico
2702064230749	9040	2564	2701072351123	19f86848af0	QueryInterface.begin	0	-	7f73be3f
2702064230970	9040	2564	2701072351123	19f86848af0	QueryInterface.end	0	80004002	7f73be3f
2702064231375	9040	2564	2701072351123	19f86848af0	Release	0	9	test/switching/13-image.ico
2702064231543	9040	2564	2701072351123	19f86848af0	AddRef	0	10	test/switching/13-image.ico
2702064232564	9040	2564	2701072351123	19f86848af0	Initialize.begin	0	-	test/switching/14-image.svg
2702064232738	9040	2564	2701072351123	19f86848af0	Initialize.end	0	0	test/switching/14-image.svg
2702064233067	9040	2564	2701072351123	19f86848af0	Release	0	9	test/switching/14-image.svg
2702064233181	9040	2564	2701072351123	19f86848af0	AddRef	0	10	test/switching/14-image.svg
2702064236930	9040	2564	2701072351123	19f86848af0	SetSite.begin	0	-	site
2702064237137	9040	2564	2701072351123	19f86848af0	SetSite.end	0	0	site
2702064239060	9040	2564	2701072351123	19f86848af0	SetWindow.begin	0	-	462580
2702064239266	9040	2564	2701072351123	19f86848af0	SetWindow.end	0	0	462580
2702064240271	9040	2564	2701072351123	19f86848af0	QueryInterface.begin	0	-	196bf9a5
2702064240423	9040	2564	2701072351123	19f86848af0	QueryInterface.end	0	80004002	196bf9a5
2702064241623	9040	2564	2701072351123	19f86848af0	DoPreview.begin	0	-	test/switching/14-image.svg
2702065373884	9040	2564	2701072351123	19f86848af0	DoPreview.end	3804968	0	test/switching/14-image.svg
2702065374758	9040	2564	2701072351123	19f86848af0	Release	3804968	9	test/switching/14-image.svg
2702065375037	9040	2564	2701072351123	19f86848af0	AddRef	3804968	10	test/switching/14-image.svg
2702069535410	9040	2564	2701072351123	19f86848af0	Unload.begin	3804968	-	test/switching/14-image.svg
2702069548053	9040	2564	2701072351123	19f86848af0	Unload.end	0	0	test/switching/14-image.svg
2702069549184	9040	2564	2701072351123	19f86848af0	Release	0	9	test/switching/14-image.svg
2702069549596	9040	2564	2701072351123	19f86848af0	AddRef	0	10	test/switching/14-image.svg
2702069550496	9040	2564	2701072351123	19f86848af0	SetSite.begin	0	-	null
2702069554040	9040	2564	2701072351123	19f86848af0	SetSite.end	0	0	null
2702069555052	9040	2564	2701072351123	19f86848af0	Release	0	9	test/switching/14-image.svg
2702069555281	9040	2564	2701072351123	19f86848af0	AddRef	0	10	test/switching/14-image.svg
2702069739911	9040	2564	2701072351123	19f86848af0	QueryInterface.begin	0	-	b824b49d
2702069741008	9040	2564	2701072351123	19f86848af0	QueryInterface.end	0	80004002	b824b49d
2702069741623	9040	2564	2701072351123	19f86848af0	Release	0	9	test/switching/14-image.svg
2702069742058	9040	2564	2701072351123	19f86848af0	AddRef	0	10	test/switching/14-image.svg
2702069743187	9040	2564	2701072351123	19f86848af0	QueryInterface.begin	0	-	7f73be3f
2702069745382	9040	2564	2701072351123	19f86848af0	QueryInterface.end	0	80004002	7f73be3f
2702069746285	9040	2564	2701072351123	19f86848af0	Release	0	9	test/switching/14-image.svg
2702069746478	9040	2564	2701072351123	19f86848af0	AddRef	0	10	test/switching/14-image.svg
2702069747808	9040	2564	2701072351123	19f86848af0	Initialize.begin	0	-	test/switching/15-image.gif
2702069750727	9040	2564	2701072351123	19f86848af0	Initialize.end	0	0	test/switching/15-image.gif
2702069751078	9040	2564	2701072351123	19f86848af0	Release	0	9	test/switching/15-image.gif
2702069751256	9040	2564	2701072351123	19f86848af0	AddRef	0	10	test/switching/15-image.gif
2702069753368	9040	2564	2701072351123	19f86848af0	SetSite.begin	0	-	site
2702069753713	9040	2564	2701072351123	19f86848af0	SetSite.end	0	0	site
2702069754057	9040	2564	2701072351123	19f86848af0	Release	0	9	test/switching/15-image.gif
2702069754221	9040	2564	2701072351123	19f86848af0	AddRef	0	10	test/switching/15-image.gif
2702069755399	9040	2564	2701072351123	19f86848af0	SetWindow.begin	0	-	462580
2702069757534	9040	2564	2701072351123	19f86848af0	SetWindow.end	0	0	462580
2702069758045	9040	2564	2701072351123	19f86848af0	Release	0	9	test/switching/15-image.gif
2702069758242	9040	2564	2701072351123	19f86848af0	AddRef	0	10	test/switching/15-image.gif
2702069758813	9040	2564	2701072351123	19f86848af0	QueryInterface.begin	0	-	196bf9a5
2702069758927	9040	2564	2701072351123	19f86848af0	QueryInterface.end	0	80004002	196bf9a5
2702069759273	9040	2564	2701072351123	19f86848af0	Release	0	9	test/switching/15-image.gif
2702069761912	9040	2564	2701072351123	19f86848af0	AddRef	0	10	test/switching/15-image.gif
2702069762214	9040	2564	2701072351123	19f86848af0	DoPreview.begin	0	-	test/switching/15-image.gif
2702071018893	9040	2564	2701072351123	19f86848af0	DoPreview.end	3149452	0	test/switching/15-image.gif
2702071020521	9040	2564	2701072351123	19f86848af0	Release	3149452	9	test/switching/15-image.gif
2702071020779	9040	2564	2701072351123	19f86848af0	AddRef	3149452	10	test/switching/15-image.gif
2702137063533	9040	2564	2701072351123	19f86848af0	Unload.begin	3149452	-	test/switching/15-image.gif
2702137072561	9040	2564	2701072351123	19f86848af0	Unload.end	0	0	test/switching/15-image.gif
2702137073642	9040	2564	2701072351123	19f86848af0	Release	0	9	test/switching/15-image.gif
2702137073885	9040	2564	2701072351123	19f86848af0	AddRef	0	10	test/switching/15-image.gif
2702137076723	9040	2564	2701072351123	19f86848af0	SetSite.begin	0	-	null
2702137078945	9040	2564	2701072351123	19f86848af0	SetSite.end	0	0	null
2702137080281	9040	2564	2701072351123	19f86848af0	Release	0	9	test/switching/15-image.gif
2702137081655	9040	2564	2701072351123	19f86848af0	AddRef	0	10	test/switching/15-image.gif
2702137129424	9040	2564	2701072351123	19f86848af0	QueryInterface.begin	0	-	b824b49d
2702137129891	9040	2564	2701072351123	19f86848af0	QueryInterface.end	0	80004002	b824b49d
2702137130392	9040	2564	2701072351123	19f86848af0	Release	0	9	test/switching/15-image.gif
2702137130634	9040	2564	2701072351123	19f86848af0	AddRef	0	10	test/switching/15-image.gif
2702137131595	9040	2564	2701072351123	19f86848af0	QueryInterface.begin	0	-	7f73be3f
2702137131747	9040	2564	2701072351123	19f86848af0	QueryInterface.end	0	80004002	7f73be3f
2702137132147	9040	2564	2701072351123	19f86848af0	Release	0	9	test/switching/15-image.gif
2702137132381	9040	2564	2701072351123	19f86848af0	AddRef	0	10	test/switching/15-image.gif
2702137133396	9040	2564	2701072351123	19f86848af0	Initialize.begin	0	-	test/switching/14-image.svg
2702137133600	9040	2564	2701072351123	19f86848af0	Initialize.end	0	0	test/switching/14-image.svg
2702137133935	9040	2564	2701072351123	19f86848af0	Release	0	9	test/switching/14-image.svg
2702137134094	9040	2564	2701072351123	19f86848af0	AddRef	0	10	test/switching/14-image.svg
2702137135921	9040	2564	2701072351123	19f86848af0	SetSite.begin	0	-	site
2702137136092	9040	2564	2701072351123	19f86848af0	SetSite.end	0	0	site
2702137136416	9040	2564	2701072351123	19f86848af0	Release	0	9	test/switching/14-image.svg
2702137136573	9040	2564	2701072351123	19f86848af0	AddRef	0	10	test/switching/14-image.svg
2702137138192	9040	2564	2701072351123	19f86848af0	SetWindow.begin	0	-	462580
2702137138347	9040	2564	2701072351123	19f86848af0	SetWindow.end	0	0	462580
2702137138750	9040	2564	2701072351123	19f86848af0	Release	0	9	test/switching/14-image.svg
2702137138987	9040	2564	2701072351123	19f86848af0	AddRef	0	10	test/switching/14-image.svg
2702137140582	9040	2564	2701072351123	19f86848af0	QueryInterface.begin	0	-	196bf9a5
2702137140793	9040	2564	2701072351123	19f86848af0	QueryInterface.end	0	80004002	196bf9a5
2702137141158	9040	2564	2701072351123	19f86848af0	Release	0	9	test/switching/14-image.svg
2702137141293	9040	2564	2701072351123	19f86848af0	AddRef	0	10	test/switching/14-image.svg
2702137141850	9040	2564	2701072351123	19f86848af0	DoPreview.begin	0	-	test/switching/14-image.svg
2702139049732	9040	2564	2701072351123	19f86848af0	DoPreview.end	1773194	0	test/switching/14-image.svg
2702139052206	9040	2564	2701072351123	19f86848af0	Release	1773194	9	test/switching/14-image.svg
2702139052752	9040	2564	2701072351123	19f86848af0	AddRef	1773194	10	test/switching/14-image.svg
2702141438424	9040	2564	2701072351123	19f86848af0	Unload.begin	1773194	-	test/switching/14-image.svg
2702141449928	9040	2564	2701072351123	19f86848af0	Unload.end	0	0	test/switching/14-image.svg
2702141450919	9040	2564	2701072351123	19f86848af0	Release	0	9	test/switching/14-image.svg
2702141451068	9040	2564	2701072351123	19f86848af0	AddRef	0	10	test/switching/14-image.svg
2702141452411	9040	2564	2701072351123	19f86848af0	SetSite.begin	0	-	null
2702141455021	9040	2564	2701072351123	19f86848af0	SetSite.end	0	0	null
2702141455690	9040	2564	2701072351123	19f86848af0	Release	0	9	test/switching/14-image.svg
2702141455828	9040	2564	2701072351123	19f86848af0	AddRef	0	10	test/switching/14-image.svg
2702141530815	9040	2564	2701072351123	19f86848af0	QueryInterface.begin	0	-	b824b49d
2702141531495	9040	2564	2701072351123	19f86848af0	QueryInterface.end	0	80004002	b824b49d
2702141532210	9040	2564	2701072351123	19f86848af0	Release	0	9	test/switching/14-image.svg
2702141532569	9040	2564	2701072351123	19f86848af0	AddRef	0	10	test/switching/14-image.svg
2702141533520	9040	2564	2701072351123	19f86848af0	QueryInterface.begin	0	-	7f73be3f
2702141533692	9040	2564	2701072351123	19f86848af0	QueryInterface.end	0	80004002	7f73be3f
2702141534309	9040	2564	2701072351123	19f86848af0	Release	0	9	test/switching/14-image.svg
2702141534621	9040	2564	2701072351123	19f86848af0	AddRef	0	10	test/switching/14-image.svg
2702141535165	9040	2564	2701072351123	19f86848af0	Initialize.begin	0	-	test/switching/13-image.ico
2702141535413	9040	2564	2701072351123	19f86848af0	Initialize.end	0	0	test/switching/13-image.ico
2702141535795	9040	2564	2701072351123	19f86848af0	Release	0	9	test/switching/13-image.ico
2702141535938	9040	2564	2701072351123	19f86848af0	AddRef	0	10	test/switching/13-image.ico
2702141537663	9040	2564	2701072351123	19f86848af0	SetSite.begin	0	-	site
2702141537835	9040	2564	2701072351123	19f86848af0	SetSite.end	0	0	site
2702141538293	9040	2564	2701072351123	19f86848af0	Release	0	9	test/switching/13-image.ico
2702141538483	9040	2564	2701072351123	19f86848af0	AddRef	0	10	test/switching/13-image.ico
2702141539691	9040	2564	2701072351123	19f86848af0	SetWindow.begin	0	-	462580
2702141539881	9040	2564	2701072351123	19f86848af0	SetWindow.end	0	0	462580
2702141540238	9040	2564	2701072351123	19f86848af0	Release	0	9	test/switching/13-image.ico
2702141540357	9040	2564	2701072351123	19f86848af0	AddRef	0	10	test/switching/13-image.ico
2702141541021	9040	2564	2701072351123	19f86848af0	QueryInterface.begin	0	-	196bf9a5
2702141541146	9040	2564	2701072351123	19f86848af0	QueryInterface.end	0	80004002	196bf9a5
2702141541992	9040	2564	2701072351123	19f86848af0	DoPreview.begin	0	-	test/switching/13-image.ico
2702142785545	9040	2564	2701072351123	19f86848af0	DoPreview.end	14683846	0	test/switching/13-image.ico
2702142786922	9040	2564	2701072351123	19f86848af0	Release	14683846	9	test/switching/13-image.ico
2702142787181	9040	2564	2701072351123	19f86848af0	AddRef	14683846	10	test/switching/13-image.ico
2702146095935	9040	2564	2701072351123	19f86848af0	Unload.begin	14683846	-	test/switching/13-image.ico
2702146301635	9040	2564	2701072351123	19f86848af0	Unload.end	0	0	test/switching/13-image.ico
2702146302926	9040	2564	2701072351123	19f86848af0	Release	0	9	test/switching/13-image.ico
2702146303118	9040	2564	2701072351123	19f86848af0	AddRef	0	10	test/switching/13-image.ico
2702146311209	9040	2564	2701072351123	19f86848af0	SetSite.begin	0	-	null
2702146315611	9040	2564	2701072351123	19f86848af0	SetSite.end	0	0	null
2702146530782	9040	2564	2701072351123	19f86848af0	QueryInterface.begin	0	-	b824b49d
2702146531391	9040	2564	2701072351123	19f86848af0	QueryInterface.end	0	80004002	b824b49d
2702146758421	9040	2564	2701072351123	19f86848af0	QueryInterface.begin	0	-	7f73be3f
2702146759013	9040	2564	2701072351123	19f86848af0	QueryInterface.end	0	80004002	7f73be3f
2702146972906	9040	2564	2701072351123	19f86848af0	Initialize.begin	0	-	test/switching/12-image.webp
2702146974075	9040	2564	2701072351123	19f86848af0	Initialize.end	0	0	test/switching/12-image.webp
2702147205741	9040	2564	2701072351123	19f86848af0	SetSite.begin	0	-	site
2702147206410	9040	2564	2701072351123	19f86848af0	SetSite.end	0	0	site
2702147206928	9040	2564	2701072351123	19f86848af0	Release	0	9	test/switching/12-image.webp
2702147207020	9040	2564	2701072351123	19f86848af0	AddRef	0	10	test/switching/12-image.webp
2702147210718	9040	2564	2701072351123	19f86848af0	SetWindow.begin	0	-	462580
2702147210976	9040	2564	2701072351123	19f86848af0	SetWindow.end	0	0	462580
2702147211267	9040	2564	2701072351123	19f86848af0	Release	0	9	test/switching/12-image.webp
2702147211608	9040	2564	2701072351123	19f86848af0	AddRef	0	10	test/switching/12-image.webp
2702147212724	9040	2564	2701072351123	19f86848af0	QueryInterface.begin	0	-	196bf9a5
2702147212869	9040	2564	2701072351123	19f86848af0	QueryInterface.end	0	80004002	196bf9a5
2702147213305	9040	2564	2701072351123	19f86848af0	Release	0	9	test/switching/12-image.webp
2702147213391	9040	2564	2701072351123	19f86848af0	AddRef	0	10	test/switching/12-image.webp
2702147214378	9040	2564	2701072351123	19f86848af0	DoPreview.begin	0	-	test/switching/12-image.webp
2702149160114	9040	2564	2701072351123	19f86848af0	DoPreview.end	6556794	0	test/switching/12-image.webp
2702149161643	9040	2564	2701072351123	19f86848af0	Release	6556794	9	test/switching/12-image.webp
2702149161954	9040	2564	2701072351123	19f86848af0	AddRef	6556794	10	test/switching/12-image.webp
2702150603780	9040	2564	2701072351123	19f86848af0	Unload.begin	6556794	-	test/switching/12-image.webp
2702150614726	9040	2564	2701072351123	19f86848af0	Unload.end	0	0	test/switching/12-image.webp
2702150615600	9040	2564	2701072351123	19f86848af0	Release	0	9	test/switching/12-image.webp
2702150615967	9040	2564	2701072351123	19f86848af0	AddRef	0	10	test/switching/12-image.webp
2702150617633	9040	2564	2701072351123	19f86848af0	SetSite.begin	0	-	null
2702150620409	9040	2564	2701072351123	19f86848af0	SetSite.end	0	0	null
2702150620998	9040	2564	2701072351123	19f86848af0	Release	0	9	test/switching/12-image.webp
2702150621144	9040	2564	2701072351123	19f86848af0	AddRef	0	10	test/switching/12-image.webp
2702150660155	9040	2564	2701072351123	19f86848af0	QueryInterface.begin	0	-	b824b49d
2702150660618	9040	2564	2701072351123	19f86848af0	QueryInterface.end	0	80004002	b824b49d
2702150661094	9040	2564	2701072351123	19f86848af0	Release	0	9	test/switching/12-image.webp
2702150661576	9040	2564	2701072351123	19f86848af0	AddRef	0	10	test/switching/12-image.webp
2702150663312	9040	2564	2701072351123	19f86848af0	QueryInterface.begin	0	-	7f73be3f
2702150663657	9040	2564	2701072351123	19f86848af0	QueryInterface.end	0	80004002	7f73be3f
2702150664192	9040	2564	2701072351123	19f86848af0	Release	0	9	test/switching/12-image.webp
2702150664387	9040	2564	2701072351123	19f86848af0	AddRef	0	10	test/switching/12-image.webp
2702150665749	9040	2564	2701072351123	19f86848af0	Initialize.begin	0	-	test/switching/11-image.bmp
2702150666014	9040	2564	2701072351123	19f86848af0	Initialize.end	0	0	test/switching/11-image.bmp
2702150666413	9040	2564	2701072351123	19f86848af0	Release	0	9	test/switching/11-image.bmp
2702150666689	9040	2564	2701072351123	19f86848af0	AddRef	0	10	test/switching/11-image.bmp
2702150668505	9040	2564	2701072351123	19f86848af0	SetSite.begin	0	-	site
2702150668676	9040	2564	2701072351123	19f86848af0	SetSite.end	0	0	site
2702150669373	9040	2564	2701072351123	19f86848af0	Release	0	9	test/switching/11-image.bmp
2702150669556	9040	2564	2701072351123	19f86848af0	AddRef	0	10	test/switching/11-image.bmp
2702150670464	9040	2564	2701072351123	19f86848af0	SetWindow.begin	0	-	462580
2702150670635	9040	2564	2701072351123	19f86848af0	SetWindow.end	0	0	462580
2702150670947	9040	2564	2701072351123	19f86848af0	Release	0	9	test/switching/11-image.bmp
2702150671103	9040	2564	2701072351123	19f86848af0	AddRef	0	10	test/switching/11-image.bmp
2702150672023	9040	2564	2701072351123	19f86848af0	QueryInterface.begin	0	-	196bf9a5
2702150672229	9040	2564	2701072351123	19f86848af0	QueryInterface.end	0	80004002	196bf9a5
2702150676501	9040	2564	2701072351123	19f86848af0	Release	0	9	test/switching/11-image.bmp
2702150677675	9040	2564	2701072351123	19f86848af0	AddRef	0	10	test/switching/11-image.bmp
2702150677999	9040	2564	2701072351123	19f86848af0	DoPreview.begin	0	-	test/switching/11-image.bmp
2702152594661	9040	2564	2701072351123	19f86848af0	DoPreview.end	2166410	0	test/switching/11-image.bmp
2702152597765	9040	2564	2701072351123	19f86848af0	Release	2166410	9	test/switching/11-image.bmp
2702152597963	9040	2564	2701072351123	19f86848af0	AddRef	2166410	10	test/switching/11-image.bmp
2702155334423	9040	2564	2701072351123	19f86848af0	Unload.begin	2166410	-	test/switching/11-image.bmp
2702155344448	9040	2564	2701072351123	19f86848af0	Unload.end	0	0	test/switching/11-image.bmp
2702155345124	9040	2564	2701072351123	19f86848af0	Release	0	9	test/switching/11-image.bmp
2702155345322	9040	2564	2701072351123	19f86848af0	AddRef	0	10	test/switching/11-image.bmp
2702155347048	9040	2564	2701072351123	19f86848af0	SetSite.begin	0	-	null
2702155349635	9040	2564	2701072351123	19f86848af0	SetSite.end	0	0	null
2702155350141	9040	2564	2701072351123	19f86848af0	Release	0	9	test/switching/11-image.bmp
2702155350360	9040	2564	2701072351123	19f86848af0	AddRef	0	10	test/switching/11-image.bmp
2702155423293	9040	2564	2701072351123	19f86848af0	QueryInterface.begin	0	-	b824b49d
2702155423885	9040	2564	2701072351123	19f86848af0	QueryInterface.end	0	80004002	b824b49d
2702155424437	9040	2564	2701072351123	19f86848af0	Release	0	9	test/switching/11-image.bmp
2702155424691	9040	2564	2701072351123	19f86848af0	AddRef	0	10	test/switching/11-image.bmp
2702155429021	9040	2564	2701072351123	19f86848af0	QueryInterface.begin	0	-	7f73be3f
2702155429233	9040	2564	2701072351123	19f86848af0	QueryInterface.end	0	80004002	7f73be3f
2702155429567	9040	2564	2701072351123	19f86848af0	Release	0	9	test/switching/11-image.bmp
2702155429704	9040	2564	2701072351123	19f86848af0	AddRef	0	10	test/switching/11-image.bmp
2702155434405	9040	2564	2701072351123	19f86848af0	Initialize.begin	0	-	test/switching/10-image.tiff
2702155434590	9040	2564	2701072351123	19f86848af0	Initialize.end	0	0	test/switching/10-image.tiff
2702155434900	9040	2564	2701072351123	19f86848af0	Release	0	9	test/switching/10-image.tiff
2702155435104	9040	2564	2701072351123	19f86848af0	AddRef	0	10	test/switching/10-image.tiff
2702155436887	9040	2564	2701072351123	19f86848af0	SetSite.begin	0	-	site
2702155437015	9040	2564	2701072351123	19f86848af0	SetSite.end	0	0	site
2702155437343	9040	2564	2701072351123	19f86848af0	Release	0	9	test/switching/10-image.tiff
2702155437555	9040	2564	2701072351123	19f86848af0	AddRef	0	10	test/switching/10-image.tiff
2702155438608	9040	2564	2701072351123	19f86848af0	SetWindow.begin	0	-	462580
2702155438728	9040	2564	2701072351123	19f86848af0	SetWindow.end	0	0	462580
2702155438986	9040	2564	2701072351123	19f86848af0	Release	0	9	test/switching/10-image.tiff
2702155439130	9040	2564	2701072351123	19f86848af0	AddRef	0	10	test/switching/10-image.tiff
2702155442370	9040	2564	2701072351123	19f86848af0	QueryInterface.begin	0	-	196bf9a5
2702155442606	9040	2564	2701072351123	19f86848af0	QueryInterface.end	0	80004002	196bf9a5
2702155442943	9040	2564	2701072351123	19f86848af0	Release	0	9	test/switching/10-image.tiff
2702155443166	9040	2564	2701072351123	19f86848af0	AddRef	0	10	test/switching/10-image.tiff
2702155445269	9040	2564	2701072351123	19f86848af0	DoPreview.begin	0	-	test/switching/10-image.tiff
2702156629748	9040	2564	2701072351123	19f86848af0	DoPreview.end	2559174	0	test/switching/10-image.tiff
2702156630884	9040	2564	2701072351123	19f86848af0	Release	2559174	9	test/switching/10-image.tiff
2702156631151	9040	2564	2701072351123	19f86848af0	AddRef	2559174	10	test/switching/10-image.tiff
2702159983695	9040	2564	2701072351123	19f86848af0	Unload.begin	2559174	-	test/switching/10-image.tiff
2702159993204	9040	2564	2701072351123	19f86848af0	Unload.end	0	0	test/switching/10-image.tiff
2702159993898	9040	2564	2701072351123	19f86848af0	Release	0	9	test/switching/10-image.tiff
2702159994097	9040	2564	2701072351123	19f86848af0	AddRef	0	10	test/switching/10-image.tiff
2702159995262	9040	2564	2701072351123	19f86848af0	SetSite.begin	0	-	null
2702159997269	9040	2564	2701072351123	19f86848af0	SetSite.end	0	0	null
2702159997607	9040	2564	2701072351123	19f86848af0	Release	0	9	test/switching/10-image.tiff
2702159997729	9040	2564	2701072351123	19f86848af0	AddRef	0	10	test/switching/10-image.tiff
2702160067687	9040	2564	2701072351123	19f86848af0	QueryInterface.begin	0	-	b824b49d
2702160068341	9040	2564	2701072351123	19f86848af0	QueryInterface.end	0	80004002	b824b49d
2702160068813	9040	2564	2701072351123	19f86848af0	Release	0	9	test/switching/10-image.tiff
2702160069094	9040	2564	2701072351123	19f86848af0	AddRef	0	10	test/switching/10-image.tiff
2702160071315	9040	2564	2701072351123	19f86848af0	QueryInterface.begin	0	-	7f73be3f
2702160071491	9040	2564	2701072351123	19f86848af0	QueryInterface.end	0	80004002	7f73be3f
2702160071796	9040	2564	2701072351123	19f86848af0	Release	0	9	test/switching/10-image.tiff
2702160072089	9040	2564	2701072351123	19f86848af0	AddRef	0	10	test/switching/10-image.tiff
2702160073775	9040	2564	2701072351123	19f86848af0	Initialize.begin	0	-	test/switching/09-image.tif
2702160073979	9040	2564	2701072351123	19f86848af0	Initialize.end	0	0	test/switching/09-image.tif
2702160074363	9040	2564	2701072351123	19f86848af0	Release	0	9	test/switching/09-image.tif
2702160074851	9040	2564	2701072351123	19f86848af0	AddRef	0	10	test/switching/09-image.tif
2702160077571	9040	2564	2701072351123	19f86848af0	SetSite.begin	0	-	site
2702160077758	9040	2564	2701072351123	19f86848af0	SetSite.end	0	0	site
2702160078061	9040	2564	2701072351123	19f86848af0	Release	0	9	test/switching/09-image.tif
2702160078239	9040	2564	2701072351123	19f86848af0	AddRef	0	10	test/switching/09-image.tif
2702160079869	9040	2564	2701072351123	19f86848af0	SetWindow.begin	0	-	462580
2702160080059	9040	2564	2701072351123	19f86848af0	SetWindow.end	0	0	462580
2702160080414	9040	2564	2701072351123	19f86848af0	Release	0	9	test/switching/09-image.tif
2702160080589	9040	2564	2701072351123	19f86848af0	AddRef	0	10	test/switching/09-image.tif
2702160082062	9040	2564	2701072351123	19f86848af0	QueryInterface.begin	0	-	196bf9a5
2702160082218	9040	2564	2701072351123	19f86848af0	QueryInterface.end	0	80004002	196bf9a5
2702160082605	9040	2564	2701072351123	19f86848af0	Release	0	9	test/switching/09-image.tif
2702160082747	9040	2564	2701072351123	19f86848af0	AddRef	0	10	test/switching/09-image.tif
2702160085649	9040	2564	2701072351123	19f86848af0	DoPreview.begin	0	-	test/switching/09-image.tif
2702161191076	9040	2564	2701072351123	19f86848af0	DoPreview.end	12979402	0	test/switching/09-image.tif
2702161193530	9040	2564	2701072351123	19f86848af0	Release	12979402	9	test/switching/09-image.tif
2702161193752	9040	2564	2701072351123	19f86848af0	AddRef	12979402	10	test/switching/09-image.tif
2702164748502	9040	2564	2701072351123	19f86848af0	Unload.begin	12979402	-	test/switching/09-image.tif
2702164760461	9040	2564	2701072351123	19f86848af0	Unload.end	0	0	test/switching/09-image.tif
2702164762974	9040	2564	2701072351123	19f86848af0	SetSite.begin	0	-	null
2702164765533	9040	2564	2701072351123	19f86848af0	SetSite.end	0	0	null
2702164766251	9040	2564	2701072351123	19f86848af0	Release	0	9	test/switching/09-image.tif
2702164766420	9040	2564	2701072351123	19f86848af0	AddRef	0	10	test/switching/09-image.tif
2702164787933	9040	2564	2701072351123	19f86848af0	QueryInterface.begin	0	-	b824b49d
2702164788255	9040	2564	2701072351123	19f86848af0	QueryInterface.end	0	80004002	b824b49d
2702164788815	9040	2564	2701072351123	19f86848af0	Release	0	9	test/switching/09-image.tif
2702164789042	9040	2564	2701072351123	19f86848af0	AddRef	0	10	test/switching/09-image.tif
2702164790026	9040	2564	2701072351123	19f86848af0	QueryInterface.begin	0	-	7f73be3f
2702164790202	9040	2564	2701072351123	19f86848af0	QueryInterface.end	0	80004002	7f73be3f
2702164790622	9040	2564	2701072351123	19f86848af0	Release	0	9	test/switching/09-image.tif
2702164790772	9040	2564	2701072351123	19f86848af0	AddRef	0	10	test/switching/09-image.tif
2702164791650	9040	2564	2701072351123	19f86848af0	Initialize.begin	0	-	test/switching/08-archive.rar
2702164791799	9040	2564	2701072351123	19f86848af0	Initialize.end	0	0	test/switching/08-archive.rar
2702164792088	9040	2564	2701072351123	19f86848af0	Release	0	9	test/switching/08-archive.rar
2702164792271	9040	2564	2701072351123	19f86848af0	AddRef	0	10	test/switching/08-archive.rar
2702164793901	9040	2564	2701072351123	19f86848af0	SetSite.begin	0	-	site
2702164794529	9040	2564	2701072351123	19f86848af0	SetSite.end	0	0	site
2702164794884	9040	2564	2701072351123	19f86848af0	Release	0	9	test/switching/08-archive.rar
2702164795100	9040	2564	2701072351123	19f86848af0	AddRef	0	10	test/switching/08-archive.rar
2702164796109	9040	2564	2701072351123	19f86848af0	SetWindow.begin	0	-	462580
2702164796287	9040	2564	2701072351123	19f86848af0	SetWindow.end	0	0	462580
2702164796631	9040	2564	2701072351123	19f86848af0	Release	0	9	test/switching/08-archive.rar
2702164796815	9040	2564	2701072351123	19f86848af0	AddRef	0	10	test/switching/08-archive.rar
2702164797077	9040	2564	2701072351123	19f86848af0	QueryInterface.begin	0	-	196bf9a5
2702164797173	9040	2564	2701072351123	19f86848af0	QueryInterface.end	0	80004002	196bf9a5
2702164797560	9040	2564	2701072351123	19f86848af0	Release	0	9	test/switching/08-archive.rar
2702164797654	9040	2564	2701072351123	19f86848af0	AddRef	0	10	test/switching/08-archive.rar
2702164798203	9040	2564	2701072351123	19f86848af0	DoPreview.begin	0	-	test/switching/08-archive.rar
2702165224607	9040	2564	2701072351123	19f86848af0	DoPreview.end	6885150	0	test/switching/08-archive.rar
2702165227170	9040	2564	2701072351123	19f86848af0	Release	6885150	9	test/switching/08-archive.rar
2702165227398	9040	2564	2701072351123	19f86848af0	AddRef	6885150	10	test/switching/08-archive.rar
2702169537774	9040	2564	2701072351123	19f86848af0	Unload.begin	6885150	-	test/switching/08-archive.rar
2702169547591	9040	2564	2701072351123	19f86848af0	Unload.end	0	0	test/switching/08-archive.rar
2702169548703	9040	2564	2701072351123	19f86848af0	Release	0	9	test/switching/08-archive.rar
2702169548987	9040	2564	2701072351123	19f86848af0	AddRef	0	10	test/switching/08-archive.rar
2702169552399	9040	2564	2701072351123	19f86848af0	SetSite.begin	0	-	null
2702169555765	9040	2564	2701072351123	19f86848af0	SetSite.end	0	0	null
2702169556280	9040	2564	2701072351123	19f86848af0	Release	0	9	test/switching/08-archive.rar
2702169556413	9040	2564	2701072351123	19f86848af0	AddRef	0	10	test/switching/08-archive.rar
2702169603941	9040	2564	2701072351123	19f86848af0	QueryInterface.begin	0	-	b824b49d
2702169604330	9040	2564	2701072351123	19f86848af0	QueryInterface.end	0	80004002	b824b49d
2702169604731	9040	2564	2701072351123	19f86848af0	Release	0	9	test/switching/08-archive.rar
2702169605012	9040	2564	2701072351123	19f86848af0	AddRef	0	10	test/switching/08-archive.rar
2702169605623	9040	2564	2701072351123	19f86848af0	QueryInterface.begin	0	-	7f73be3f
2702169605784	9040	2564	2701072351123	19f86848af0	QueryInterface.end	0	80004002	7f73be3f
2702169606069	9040	2564	2701072351123	19f86848af0	Release	0	9	test/switching/08-archive.rar
2702169606183	9040	2564	2701072351123	19f86848af0	AddRef	0	10	test/switching/08-archive.rar
2702169607564	9040	2564	2701072351123	19f86848af0	Initialize.begin	0	-	test/switching/07-image.jpeg
2702169607709	9040	2564	2701072351123	19f86848af0	Initialize.end	0	0	test/switching/07-image.jpeg
2702169607926	9040	2564	2701072351123	19f86848af0	Release	0	9	test/switching/07-image.jpeg
2702169608086	9040	2564	2701072351123	19f86848af0	AddRef	0	10	test/switching/07-image.jpeg
2702169609523	9040	2564	2701072351123	19f86848af0	SetSite.begin	0	-	site
2702169609633	9040	2564	2701072351123	19f86848af0	SetSite.end	0	0	site
2702169609871	9040	2564	2701072351123	19f86848af0	Release	0	9	test/switching/07-image.jpeg
2702169609992	9040	2564	2701072351123	19f86848af0	AddRef	0	10	test/switching/07-image.jpeg
2702169610828	9040	2564	2701072351123	19f86848af0	SetWindow.begin	0	-	462580
2702169610912	9040	2564	2701072351123	19f86848af0	SetWindow.end	0	0	462580
2702169611137	9040	2564	2701072351123	19f86848af0	Release	0	9	test/switching/07-image.jpeg
2702169611259	9040	2564	2701072351123	19f86848af0	AddRef	0	10	test/switching/07-image.jpeg
2702169611862	9040	2564	2701072351123	19f86848af0	QueryInterface.begin	0	-	196bf9a5
2702169611974	9040	2564	2701072351123	19f86848af0	QueryInterface.end	0	80004002	196bf9a5
2702169612205	9040	2564	2701072351123	19f86848af0	Release	0	9	test/switching/07-image.jpeg
2702169612311	9040	2564	2701072351123	19f86848af0	AddRef	0	10	test/switching/07-image.jpeg
2702169612689	9040	2564	2701072351123	19f86848af0	DoPreview.begin	0	-	test/switching/07-image.jpeg
2702170784215	9040	2564	2701072351123	19f86848af0	DoPreview.end	4656928	0	test/switching/07-image.jpeg
2702170789187	9040	2564	2701072351123	19f86848af0	Release	4656928	9	test/switching/07-image.jpeg
2702170791971	9040	2564	2701072351123	19f86848af0	AddRef	4656928	10	test/switching/07-image.jpeg
2702173979274	9040	2564	2701072351123	19f86848af0	Unload.begin	4656928	-	test/switching/07-image.jpeg
2702173987481	9040	2564	2701072351123	19f86848af0	Unload.end	0	0	test/switching/07-image.jpeg
2702173988073	9040	2564	2701072351123	19f86848af0	Release	0	9	test/switching/07-image.jpeg
2702173988263	9040	2564	2701072351123	19f86848af0	AddRef	0	10	test/switching/07-image.jpeg
2702173990393	9040	2564	2701072351123	19f86848af0	SetSite.begin	0	-	null
2702173993452	9040	2564	2701072351123	19f86848af0	SetSite.end	0	0	null
2702173993948	9040	2564	2701072351123	19f86848af0	Release	0	9	test/switching/07-image.jpeg
2702173994223	9040	2564	2701072351123	19f86848af0	AddRef	0	10	test/switching/07-image.jpeg
2702174011049	9040	2564	2701072351123	19f86848af0	QueryInterface.begin	0	-	b824b49d
2702174011354	9040	2564	2701072351123	19f86848af0	QueryInterface.end	0	80004002	b824b49d
2702174011843	9040	2564	2701072351123	19f86848af0	Release	0	9	test/switching/07-image.jpeg
2702174012065	9040	2564	2701072351123	19f86848af0	AddRef	0	10	test/switching/07-image.jpeg
2702174012881	9040	2564	2701072351123	19f86848af0	QueryInterface.begin	0	-	7f73be3f
2702174013060	9040	2564	2701072351123	19f86848af0	QueryInterface.end	0	80004002	7f73be3f
2702174013362	9040	2564	2701072351123	19f86848af0	Release	0	9	test/switching/07-image.jpeg
2702174013495	9040	2564	2701072351123	19f86848af0	AddRef	0	10	test/switching/07-image.jpeg
2702174014431	9040	2564	2701072351123	19f86848af0	Initialize.begin	0	-	test/switching/06-markdown.markdown
2702174014585	9040	2564	2701072351123	19f86848af0	Initialize.end	0	0	test/switching/06-markdown.markdown
2702174014892	9040	2564	2701072351123	19f86848af0	Release	0	9	test/switching/06-markdown.markdown
2702174015097	9040	2564	2701072351123	19f86848af0	AddRef	0	10	test/switching/06-markdown.markdown
2702174016218	9040	2564	2701072351123	19f86848af0	SetSite.begin	0	-	site
2702174016379	9040	2564	2701072351123	19f86848af0	SetSite.end	0	0	site
2702174016675	9040	2564	2701072351123	19f86848af0	Release	0	9	test/switching/06-markdown.markdown
2702174016809	9040	2564	2701072351123	19f86848af0	AddRef	0	10	test/switching/06-markdown.markdown
2702174018038	9040	2564	2701072351123	19f86848af0	SetWindow.begin	0	-	462580
2702174018231	9040	2564	2701072351123	19f86848af0	SetWindow.end	0	0	462580
2702174018585	9040	2564	2701072351123	19f86848af0	Release	0	9	test/switching/06-markdown.markdown
2702174018731	9040	2564	2701072351123	19f86848af0	AddRef	0	10	test/switching/06-markdown.markdown
2702174019633	9040	2564	2701072351123	19f86848af0	QueryInterface.begin	0	-	196bf9a5
2702174019791	9040	2564	2701072351123	19f86848af0	QueryInterface.end	0	80004002	196bf9a5
2702174020062	9040	2564	2701072351123	19f86848af0	Release	0	9	test/switching/06-markdown.markdown
2702174020199	9040	2564	2701072351123	19f86848af0	AddRef	0	10	test/switching/06-markdown.markdown
2702174020686	9040	2564	2701072351123	19f86848af0	DoPreview.begin	0	-	test/switching/06-markdown.markdown
2702174469056	9040	2564	2701072351123	19f86848af0	DoPreview.end	10292932	0	test/switching/06-markdown.markdown
2702174472310	9040	2564	2701072351123	19f86848af0	Release	10292932	9	test/switching/06-markdown.markdown
2702174472554	9040	2564	2701072351123	19f86848af0	AddRef	10292932	10	test/switching/06-markdown.markdown
2702178538805	9040	2564	2701072351123	19f86848af0	Unload.begin	10292932	-	test/switching/06-markdown.markdown
2702178549662	9040	2564	2701072351123	19f86848af0	Unload.end	0	0	test/switching/06-markdown.markdown
2702178550514	9040	2564	2701072351123	19f86848af0	Release	0	9	test/switching/06-markdown.markdown
2702178550766	9040	2564	2701072351123	19f86848af0	AddRef	0	10	test/switching/06-markdown.markdown
2702178552747	9040	2564	2701072351123	19f86848af0	SetSite.begin	0	-	null
2702178555753	9040	2564	2701072351123	19f86848af0	SetSite.end	0	0	null
2702178556372	9040	2564	2701072351123	19f86848af0	Release	0	9	test/switching/06-markdown.markdown
2702178556633	9040	2564	2701072351123	19f86848af0	AddRef	0	10	test/switching/06-markdown.markdown
2702178579111	9040	2564	2701072351123	19f86848af0	QueryInterface.begin	0	-	b824b49d
2702178579469	9040	2564	2701072351123	19f86848af0	QueryInterface.end	0	80004002	b824b49d
2702178579907	9040	2564	2701072351123	19f86848af0	Release	0	9	test/switching/06-markdown.markdown
2702178580122	9040	2564	2701072351123	19f86848af0	AddRef	0	10	test/switching/06-markdown.markdown
2702178580722	9040	2564	2701072351123	19f86848af0	QueryInterface.begin	0	-	7f73be3f
2702178580869	9040	2564	2701072351123	19f86848af0	QueryInterface.end	0	80004002	7f73be3f
2702178581177	9040	2564	2701072351123	19f86848af0	Release	0	9	test/switching/06-markdown.markdown
2702178581304	9040	2564	2701072351123	19f86848af0	AddRef	0	10	test/switching/06-markdown.markdown
2702178581971	9040	2564	2701072351123	19f86848af0	Initialize.begin	0	-	test/switching/05-archive.7z
2702178582120	9040	2564	2701072351123	19f86848af0	Initialize.end	0	0	test/switching/05-archive.7z
2702178582404	9040	2564	2701072351123	19f86848af0	Release	0	9	test/switching/05-archive.7z
2702178582539	9040	2564	2701072351123	19f86848af0	AddRef	0	10	test/switching/05-archive.7z
2702178584163	9040	2564	2701072351123	19f86848af0	SetSite.begin	0	-	site
2702178584318	9040	2564	2701072351123	19f86848af0	SetSite.end	0	0	site
2702178584652	9040	2564	2701072351123	19f86848af0	Release	0	9	test/switching/05-archive.7z
2702178584852	9040	2564	2701072351123	19f86848af0	AddRef	0	10	test/switching/05-archive.7z
2702178585712	9040	2564	2701072351123	19f86848af0	SetWindow.begin	0	-	462580
2702178585860	9040	2564	2701072351123	19f86848af0	SetWindow.end	0	0	462580
2702178586170	9040	2564	2701072351123	19f86848af0	Release	0	9	test/switching/05-archive.7z
2702178586261	9040	2564	2701072351123	19f86848af0	AddRef	0	10	test/switching/05-archive.7z
2702178587170	9040	2564	2701072351123	19f86848af0	QueryInterface.begin	0	-	196bf9a5
2702178587291	9040	2564	2701072351123	19f86848af0	QueryInterface.end	0	80004002	196bf9a5
2702178587591	9040	2564	2701072351123	19f86848af0	Release	0	9	test/switching/05-archive.7z
2702178587740	9040	2564	2701072351123	19f86848af0	AddRef	0	10	test/switching/05-archive.7z
2702178588251	9040	2564	2701072351123	19f86848af0	DoPreview.begin	0	-	test/switching/05-archive.7z
2702178808182	9040	2564	2701072351123	19f86848af0	DoPreview.end	2493434	0	test/switching/05-archive.7z
2702178810992	9040	2564	2701072351123	19f86848af0	Release	2493434	9	test/switching/05-archive.7z
2702178811253	9040	2564	2701072351123	19f86848af0	AddRef	2493434	10	test/switching/05-archive.7z
2702182872950	9040	2564	2701072351123	19f86848af0	Unload.begin	2493434	-	test/switching/05-archive.7z
2702182885808	9040	2564	2701072351123	19f86848af0	Unload.end	0	0	test/switching/05-archive.7z
2702182886530	9040	2564	2701072351123	19f86848af0	Release	0	9	test/switching/05-archive.7z
2702182886768	9040	2564	2701072351123	19f86848af0	AddRef	0	10	test/switching/05-archive.7z
2702182888734	9040	2564	2701072351123	19f86848af0	SetSite.begin	0	-	null
2702182891059	9040	2564	2701072351123	19f86848af0	SetSite.end	0	0	null
2702182891496	9040	2564	2701072351123	19f86848af0	Release	0	9	test/switching/05-archive.7z
2702182891720	9040	2564	2701072351123	19f86848af0	AddRef	0	10	test/switching/05-archive.7z
2702182938381	9040	2564	2701072351123	19f86848af0	QueryInterface.begin	0	-	b824b49d
2702182938897	9040	2564	2701072351123	19f86848af0	QueryInterface.end	0	80004002	b824b49d
2702182939554	9040	2564	2701072351123	19f86848af0	Release	0	9	test/switching/05-archive.7z
2702182939842	9040	2564	2701072351123	19f86848af0	AddRef	0	10	test/switching/05-archive.7z
2702182940484	9040	2564	2701072351123	19f86848af0	QueryInterface.begin	0	-	7f73be3f
2702182940611	9040	2564	2701072351123	19f86848af0	QueryInterface.end	0	80004002	7f73be3f
2702182940968	9040	2564	2701072351123	19f86848af0	Release	0	9	test/switching/05-archive.7z
2702182941093	9040	2564	2701072351123	19f86848af0	AddRef	0	10	test/switching/05-archive.7z
2702182942002	9040	2564	2701072351123	19f86848af0	Initialize.begin	0	-	test/switching/04-image.jpg
2702182942130	9040	2564	2701072351123	19f86848af0	Initialize.end	0	0	test/switching/04-image.jpg
2702182942386	9040	2564	2701072351123	19f86848af0	Release	0	9	test/switching/04-image.jpg
2702182942597	9040	2564	2701072351123	19f86848af0	AddRef	0	10	test/switching/04-image.jpg
2702182943965	9040	2564	2701072351123	19f86848af0	SetSite.begin	0	-	site
2702182944075	9040	2564	2701072351123	19f86848af0	SetSite.end	0	0	site
2702182944320	9040	2564	2701072351123	19f86848af0	Release	0	9	test/switching/04-image.jpg
2702182944427	9040	2564	2701072351123	19f86848af0	AddRef	0	10	test/switching/04-image.jpg
2702182945572	9040	2564	2701072351123	19f86848af0	SetWindow.begin	0	-	462580
2702182945757	9040	2564	2701072351123	19f86848af0	SetWindow.end	0	0	462580
2702182946041	9040	2564	2701072351123	19f86848af0	Release	0	9	test/switching/04-image.jpg
2702182946173	9040	2564	2701072351123	19f86848af0	AddRef	0	10	test/switching/04-image.jpg
2702182946707	9040	2564	2701072351123	19f86848af0	QueryInterface.begin	0	-	196bf9a5
2702182946822	9040	2564	2701072351123	19f86848af0	QueryInterface.end	0	80004002	196bf9a5
2702182947103	9040	2564	2701072351123	19f86848af0	Release	0	9	test/switching/04-image.jpg
2702182947217	9040	2564	2701072351123	19f86848af0	AddRef	0	10	test/switching/04-image.jpg
2702182947601	9040	2564	2701072351123	19f86848af0	DoPreview.begin	0	-	test/switching/04-image.jpg
2702183922743	9040	2564	2701072351123	19f86848af0	DoPreview.end	8523550	0	test/switching/04-image.jpg
2702183929665	9040	2564	2701072351123	19f86848af0	Release	8523550	9	test/switching/04-image.jpg
2702183930051	9040	2564	2701072351123	19f86848af0	AddRef	8523550	10	test/switching/04-image.jpg
2702187343266	9040	2564	2701072351123	19f86848af0	Unload.begin	8523550	-	test/switching/04-image.jpg
2702187351301	9040	2564	2701072351123	19f86848af0	Unload.end	0	0	test/switching/04-image.jpg
2702187352068	9040	2564	2701072351123	19f86848af0	Release	0	9	test/switching/04-image.jpg
2702187352225	9040	2564	2701072351123	19f86848af0	AddRef	0	10	test/switching/04-image.jpg
2702187353026	9040	2564	2701072351123	19f86848af0	SetSite.begin	0	-	null
2702187357658	9040	2564	2701072351123	19f86848af0	SetSite.end	0	0	null
2702187358532	9040	2564	2701072351123	19f86848af0	Release	0	9	test/switching/04-image.jpg
2702187358682	9040	2564	2701072351123	19f86848af0	AddRef	0	10	test/switching/04-image.jpg
2702187379144	9040	2564	2701072351123	19f86848af0	QueryInterface.begin	0	-	b824b49d
2702187379401	9040	2564	2701072351123	19f86848af0	QueryInterface.end	0	80004002	b824b49d
2702187379812	9040	2564	2701072351123	19f86848af0	Release	0	9	test/switching/04-image.jpg
2702187379915	9040	2564	2701072351123	19f86848af0	AddRef	0	10	test/switching/04-image.jpg
2702187380698	9040	2564	2701072351123	19f86848af0	QueryInterface.begin	0	-	7f73be3f
2702187380910	9040	2564	2701072351123	19f86848af0	QueryInterface.end	0	80004002	7f73be3f
2702187381207	9040	2564	2701072351123	19f86848af0	Release	0	9	test/switching/04-image.jpg
2702187381289	9040	2564	2701072351123	19f86848af0	AddRef	0	10	test/switching/04-image.jpg
2702187382205	9040	2564	2701072351123	19f86848af0	Initialize.begin	0	-	test/switching/03-markdown.md
2702187382467	9040	2564	2701072351123	19f86848af0	Initialize.end	0	0	test/switching/03-markdown.md
2702187382771	9040	2564	2701072351123	19f86848af0	Release	0	9	test/switching/03-markdown.md
2702187382891	9040	2564	2701072351123	19f86848af0	AddRef	0	10	test/switching/03-markdown.md
2702187384436	9040	2564	2701072351123	19f86848af0	SetSite.begin	0	-	site
2702187384567	9040	2564	2701072351123	19f86848af0	SetSite.end	0	0	site
2702187384823	9040	2564	2701072351123	19f86848af0	Release	0	9	test/switching/03-markdown.md
2702187384903	9040	2564	2701072351123	19f86848af0	AddRef	0	10	test/switching/03-markdown.md
2702187386266	9040	2564	2701072351123	19f86848af0	SetWindow.begin	0	-	462580
2702187386468	9040	2564	2701072351123	19f86848af0	SetWindow.end	0	0	462580
2702187386891	9040	2564	2701072351123	19f86848af0	Release	0	9	test/switching/03-markdown.md
2702187387108	9040	2564	2701072351123	19f86848af0	AddRef	0	10	test/switching/03-markdown.md
2702187387982	9040	2564	2701072351123	19f86848af0	QueryInterface.begin	0	-	196bf9a5
2702187388190	9040	2564	2701072351123	19f86848af0	QueryInterface.end	0	80004002	196bf9a5
2702187388568	9040	2564	2701072351123	19f86848af0	Release	0	9	test/switching/03-markdown.md
2702187388733	9040	2564	2701072351123	19f86848af0	AddRef	0	10	test/switching/03-markdown.md
2702187389279	9040	2564	2701072351123	19f86848af0	DoPreview.begin	0	-	test/switching/03-markdown.md
2702187946510	9040	2564	2701072351123	19f86848af0	DoPreview.end	13175930	0	test/switching/03-markdown.md
2702187948630	9040	2564	2701072351123	19f86848af0	Release	13175930	9	test/switching/03-markdown.md
2702187948873	9040	2564	2701072351123	19f86848af0	AddRef	13175930	10	test/switching/03-markdown.md
2702191891266	9040	2564	2701072351123	19f86848af0	Unload.begin	13175930	-	test/switching/03-markdown.md
2702191899355	9040	2564	2701072351123	19f86848af0	Unload.end	0	0	test/switching/03-markdown.md
2702191900737	9040	2564	2701072351123	19f86848af0	Release	0	9	test/switching/03-markdown.md
2702191900956	9040	2564	2701072351123	19f86848af0	AddRef	0	10	test/switching/03-markdown.md
2702191902809	9040	2564	2701072351123	19f86848af0	SetSite.begin	0	-	null
2702191907482	9040	2564	2701072351123	19f86848af0	SetSite.end	0	0	null
2702191908041	9040	2564	2701072351123	19f86848af0	Release	0	9	test/switching/03-markdown.md
2702191908246	9040	2564	2701072351123	19f86848af0	AddRef	0	10	test/switching/03-markdown.md
2702191930591	9040	2564	2701072351123	19f86848af0	QueryInterface.begin	0	-	b824b49d
2702191930886	9040	2564	2701072351123	19f86848af0	QueryInterface.end	0	80004002	b824b49d
2702191931340	9040	2564	2701072351123	19f86848af0	Release	0	9	test/switching/03-markdown.md
2702191931540	9040	2564	2701072351123	19f86848af0	AddRef	0	10	test/switching/03-markdown.md
2702191932489	9040	2564	2701072351123	19f86848af0	QueryInterface.begin	0	-	7f73be3f
2702191932620	9040	2564	2701072351123	19f86848af0	QueryInterface.end	0	80004002	7f73be3f
2702191932924	9040	2564	2701072351123	19f86848af0	Release	0	9	test/switching/03-markdown.md
2702191933017	9040	2564	2701072351123	19f86848af0	AddRef	0	10	test/switching/03-markdown.md
2702191933906	9040	2564	2701072351123	19f86848af0	Initialize.begin	0	-	test/switching/02-archive.zip
2702191934107	9040	2564	2701072351123	19f86848af0	Initialize.end	0	0	test/switching/02-archive.zip
2702191934420	9040	2564	2701072351123	19f86848af0	Release	0	9	test/switching/02-archive.zip
2702191934632	9040	2564	2701072351123	19f86848af0	AddRef	0	10	test/switching/02-archive.zip
2702191936059	9040	2564	2701072351123	19f86848af0	SetSite.begin	0	-	site
2702191936251	9040	2564	2701072351123	19f86848af0	SetSite.end	0	0	site
2702191937361	9040	2564	2701072351123	19f86848af0	Release	0	9	test/switching/02-archive.zip
2702191937527	9040	2564	2701072351123	19f86848af0	AddRef	0	10	test/switching/02-archive.zip
2702191938034	9040	2564	2701072351123	19f86848af0	SetWindow.begin	0	-	462580
2702191938126	9040	2564	2701072351123	19f86848af0	SetWindow.end	0	0	462580
2702191938468	9040	2564	2701072351123	19f86848af0	Release	0	9	test/switching/02-archive.zip
2702191938563	9040	2564	2701072351123	19f86848af0	AddRef	0	10	test/switching/02-archive.zip
2702191939013	9040	2564	2701072351123	19f86848af0	QueryInterface.begin	0	-	196bf9a5
2702191939131	9040	2564	2701072351123	19f86848af0	QueryInterface.end	0	80004002	196bf9a5
2702191939877	9040	2564	2701072351123	19f86848af0	Release	0	9	test/switching/02-archive.zip
2702191940041	9040	2564	2701072351123	19f86848af0	AddRef	0	10	test/switching/02-archive.zip
2702191940507	9040	2564	2701072351123	19f86848af0	DoPreview.begin	0	-	test/switching/02-archive.zip
2702192131064	9040	2564	2701072351123	19f86848af0	DoPreview.end	4066956	0	test/switching/02-archive.zip
2702192132491	9040	2564	2701072351123	19f86848af0	Release	4066956	9	test/switching/02-archive.zip
2702192132786	9040	2564	2701072351123	19f86848af0	AddRef	4066956	10	test/switching/02-archive.zip
2702196420685	9040	2564	2701072351123	19f86848af0	Unload.begin	4066956	-	test/switching/02-archive.zip
2702196430073	9040	2564	2701072351123	19f86848af0	Unload.end	0	0	test/switching/02-archive.zip
2702196431845	9040	2564	2701072351123	19f86848af0	Release	0	9	test/switching/02-archive.zip
2702196432037	9040	2564	2701072351123	19f86848af0	AddRef	0	10	test/switching/02-archive.zip
2702196434158	9040	2564	2701072351123	19f86848af0	SetSite.begin	0	-	null
2702196438459	9040	2564	2701072351123	19f86848af0	SetSite.end	0	0	null
2702196438842	9040	2564	2701072351123	19f86848af0	Release	0	9	test/switching/02-archive.zip
2702196439003	9040	2564	2701072351123	19f86848af0	AddRef	0	10	test/switching/02-archive.zip
2702196483579	9040	2564	2701072351123	19f86848af0	QueryInterface.begin	0	-	b824b49d
2702196483904	9040	2564	2701072351123	19f86848af0	QueryInterface.end	0	80004002	b824b49d
2702196484210	9040	2564	2701072351123	19f86848af0	Release	0	9	test/switching/02-archive.zip
2702196484386	9040	2564	2701072351123	19f86848af0	AddRef	0	10	test/switching/02-archive.zip
2702196484970	9040	2564	2701072351123	19f86848af0	QueryInterface.begin	0	-	7f73be3f
2702196485088	9040	2564	2701072351123	19f86848af0	QueryInterface.end	0	80004002	7f73be3f
2702196485349	9040	2564	2701072351123	19f86848af0	Release	0	9	test/switching/02-archive.zip
2702196485450	9040	2564	2701072351123	19f86848af0	AddRef	0	10	test/switching/02-archive.zip
2702196486141	9040	2564	2701072351123	19f86848af0	Initialize.begin	0	-	test/switching/01-image.png
2702196486248	9040	2564	2701072351123	19f86848af0	Initialize.end	0	0	test/switching/01-image.png
2702196486571	9040	2564	2701072351123	19f86848af0	Release	0	9	test/switching/01-image.png
2702196486747	9040	2564	2701072351123	19f86848af0	AddRef	0	10	test/switching/01-image.png
2702196488215	9040	2564	2701072351123	19f86848af0	SetSite.begin	0	-	site
2702196488350	9040	2564	2701072351123	19f86848af0	SetSite.end	0	0	site
2702196488575	9040	2564	2701072351123	19f86848af0	Release	0	9	test/switching/01-image.png
2702196488678	9040	2564	2701072351123	19f86848af0	AddRef	0	10	test/switching/01-image.png
2702196489451	9040	2564	2701072351123	19f86848af0	SetWindow.begin	0	-	462580
2702196489539	9040	2564	2701072351123	19f86848af0	SetWindow.end	0	0	462580
2702196489784	9040	2564	2701072351123	19f86848af0	Release	0	9	test/switching/01-image.png
2702196489905	9040	2564	2701072351123	19f86848af0	AddRef	0	10	test/switching/01-image.png
2702196490452	9040	2564	2701072351123	19f86848af0	QueryInterface.begin	0	-	196bf9a5
2702196490559	9040	2564	2701072351123	19f86848af0	QueryInterface.end	0	80004002	196bf9a5
2702196490810	9040	2564	2701072351123	19f86848af0	Release	0	9	test/switching/01-image.png
2702196490933	9040	2564	2701072351123	19f86848af0	AddRef	0	10	test/switching/01-image.png
2702196491393	9040	2564	2701072351123	19f86848af0	DoPreview.begin	0	-	test/switching/01-image.png
2702197364794	9040	2564	2701072351123	19f86848af0	DoPreview.end	3870350	0	test/switching/01-image.png
2702197366165	9040	2564	2701072351123	19f86848af0	Release	3870350	9	test/switching/01-image.png
2702197368849	9040	2564	2701072351123	19f86848af0	AddRef	3870350	10	test/switching/01-image.png
2702344135211	9040	2564	2701072351123	19f86848af0	Unload.begin	3870350	-	test/switching/01-image.png
2702344153118	9040	2564	2701072351123	19f86848af0	Unload.end	0	0	test/switching/01-image.png
2702344154083	9040	2564	2701072351123	19f86848af0	Release	0	9	test/switching/01-image.png
2702344154265	9040	2564	2701072351123	19f86848af0	AddRef	0	10	test/switching/01-image.png
2702344156815	9040	2564	2701072351123	19f86848af0	SetSite.begin	0	-	null
2702344159908	9040	2564	2701072351123	19f86848af0	SetSite.end	0	0	null
2702344160351	9040	2564	2701072351123	19f86848af0	Release	0	9	test/switching/01-image.png
2702344160536	9040	2564	2701072351123	19f86848af0	AddRef	0	10	test/switching/01-image.png
2702344205779	9040	2564	2701072351123	19f86848af0	QueryInterface.begin	0	-	b824b49d
2702344206148	9040	2564	2701072351123	19f86848af0	QueryInterface.end	0	80004002	b824b49d
2702344206613	9040	2564	2701072351123	19f86848af0	Release	0	9	test/switching/01-image.png
2702344206804	9040	2564	2701072351123	19f86848af0	AddRef	0	10	test/switching/01-image.png
2702344207667	9040	2564	2701072351123	19f86848af0	QueryInterface.begin	0	-	7f73be3f
2702344207854	9040	2564	2701072351123	19f86848af0	QueryInterface.end	0	80004002	7f73be3f
2702344208164	9040	2564	2701072351123	19f86848af0	Release	0	9	test/switching/01-image.png
2702344208271	9040	2564	2701072351123	19f86848af0	AddRef	0	10	test/switching/01-image.png
2702344209247	9040	2564	2701072351123	19f86848af0	Initialize.begin	0	-	test/switching/04-image.jpg
2702344209419	9040	2564	2701072351123	19f86848af0	Initialize.end	0	0	test/switching/04-image.jpg
2702344209747	9040	2564	2701072351123	19f86848af0	Release	0	9	test/switching/04-image.jpg
2702344209996	9040	2564	2701072351123	19f86848af0	AddRef	0	10	test/switching/04-image.jpg
2702344211719	9040	2564	2701072351123	19f86848af0	SetSite.begin	0	-	site
2702344211874	9040	2564	2701072351123	19f86848af0	SetSite.end	0	0	site
2702344212328	9040	2564	2701072351123	19f86848af0	Release	0	9	test/switching/04-image.jpg
2702344212552	9040	2564	2701072351123	19f86848af0	AddRef	0	10	test/switching/04-image.jpg
2702344213733	9040	2564	2701072351123	19f86848af0	SetWindow.begin	0	-	462580
2702344213940	9040	2564	2701072351123	19f86848af0	SetWindow.end	0	0	462580
2702344214275	9040	2564	2701072351123	19f86848af0	Release	0	9	test/switching/04-image.jpg
2702344214375	9040	2564	2701072351123	19f86848af0	AddRef	0	10	test/switching/04-image.jpg
2702344214879	9040	2564	2701072351123	19f86848af0	QueryInterface.begin	0	-	196bf9a5
2702344215017	9040	2564	2701072351123	19f86848af0	QueryInterface.end	0	80004002	196bf9a5
2702344215295	9040	2564	2701072351123	19f86848af0	Release	0	9	test/switching/04-image.jpg
2702344215385	9040	2564	2701072351123	19f86848af0	AddRef	0	10	test/switching/04-image.jpg
2702344215766	9040	2564	2701072351123	19f86848af0	DoPreview.begin	0	-	test/switching/04-image.jpg
2702345620365	9040	2564	2701072351123	19f86848af0	DoPreview.end	5312224	0	test/switching/04-image.jpg
2702345621746	9040	2564	2701072351123	19f86848af0	Release	5312224	9	test/switching/04-image.jpg
2702345622000	9040	2564	2701072351123	19f86848af0	AddRef	5312224	10	test/switching/04-image.jpg
2702356100286	9040	2564	2701072351123	19f86848af0	Unload.begin	5312224	-	test/switching/04-image.jpg
2702356107952	9040	2564	2701072351123	19f86848af0	Unload.end	0	0	test/switching/04-image.jpg
2702356109044	9040	2564	2701072351123	19f86848af0	Release	0	9	test/switching/04-image.jpg
2702356109781	9040	2564	2701072351123	19f86848af0	AddRef	0	10	test/switching/04-image.jpg
2702356110839	9040	2564	2701072351123	19f86848af0	SetSite.begin	0	-	null
2702356113118	9040	2564	2701072351123	19f86848af0	SetSite.end	0	0	null
2702356113463	9040	2564	2701072351123	19f86848af0	Release	0	9	test/switching/04-image.jpg
2702356113597	9040	2564	2701072351123	19f86848af0	AddRef	0	10	test/switching/04-image.jpg
2702356156705	9040	2564	2701072351123	19f86848af0	QueryInterface.begin	0	-	b824b49d
2702356156978	9040	2564	2701072351123	19f86848af0	QueryInterface.end	0	80004002	b824b49d
2702356157387	9040	2564	2701072351123	19f86848af0	Release	0	9	test/switching/04-image.jpg
2702356157570	9040	2564	2701072351123	19f86848af0	AddRef	0	10	test/switching/04-image.jpg
2702356158259	9040	2564	2701072351123	19f86848af0	QueryInterface.begin	0	-	7f73be3f
2702356158440	9040	2564	2701072351123	19f86848af0	QueryInterface.end	0	80004002	7f73be3f
2702356158743	9040	2564	2701072351123	19f86848af0	Release	0	9	test/switching/04-image.jpg
2702356158849	9040	2564	2701072351123	19f86848af0	AddRef	0	10	test/switching/04-image.jpg
2702356159979	9040	2564	2701072351123	19f86848af0	Initialize.begin	0	-	test/switching/07-image.jpeg
2702356160094	9040	2564	2701072351123	19f86848af0	Initialize.end	0	0	test/switching/07-image.jpeg
2702356160311	9040	2564	2701072351123	19f86848af0	Release	0	9	test/switching/07-image.jpeg
2702356160428	9040	2564	2701072351123	19f86848af0	AddRef	0	10	test/switching/07-image.jpeg
2702356161863	9040	2564	2701072351123	19f86848af0	SetSite.begin	0	-	site
2702356161975	9040	2564	2701072351123	19f86848af0	SetSite.end	0	0	site
2702356162242	9040	2564	2701072351123	19f86848af0	Release	0	9	test/switching/07-image.jpeg
2702356162394	9040	2564	2701072351123	19f86848af0	AddRef	0	10	test/switching/07-image.jpeg
2702356163153	9040	2564	2701072351123	19f86848af0	SetWindow.begin	0	-	462580
2702356163318	9040	2564	2701072351123	19f86848af0	SetWindow.end	0	0	462580
2702356163656	9040	2564	2701072351123	19f86848af0	Release	0	9	test/switching/07-image.jpeg
2702356163863	9040	2564	2701072351123	19f86848af0	AddRef	0	10	test/switching/07-image.jpeg
2702356164096	9040	2564	2701072351123	19f86848af0	QueryInterface.begin	0	-	196bf9a5
2702356164172	9040	2564	2701072351123	19f86848af0	QueryInterface.end	0	80004002	196bf9a5
2702356164463	9040	2564	2701072351123	19f86848af0	Release	0	9	test/switching/07-image.jpeg
2702356164575	9040	2564	2701072351123	19f86848af0	AddRef	0	10	test/switching/07-image.jpeg
2702356165005	9040	2564	2701072351123	19f86848af0	DoPreview.begin	0	-	test/switching/07-image.jpeg
2702357217941	9040	2564	2701072351123	19f86848af0	DoPreview.end	9178910	0	test/switching/07-image.jpeg
2702357219020	9040	2564	2701072351123	19f86848af0	Release	9178910	9	test/switching/07-image.jpeg
2702357221412	9040	2564	2701072351123	19f86848af0	AddRef	9178910	10	test/switching/07-image.jpeg
2702370109236	9040	2564	2701072351123	19f86848af0	Unload.begin	9178910	-	test/switching/07-image.jpeg
2702370121131	9040	2564	2701072351123	19f86848af0	Unload.end	0	0	test/switching/07-image.jpeg
2702370121866	9040	2564	2701072351123	19f86848af0	Release	0	9	test/switching/07-image.jpeg
2702370122093	9040	2564	2701072351123	19f86848af0	AddRef	0	10	test/switching/07-image.jpeg
2702370123596	9040	2564	2701072351123	19f86848af0	SetSite.begin	0	-	null
2702370126414	9040	2564	2701072351123	19f86848af0	SetSite.end	0	0	null
2702370126842	9040	2564	2701072351123	19f86848af0	Release	0	9	test/switching/07-image.jpeg
2702370127013	9040	2564	2701072351123	19f86848af0	AddRef	0	10	test/switching/07-image.jpeg
2702370164623	9040	2564	2701072351123	19f86848af0	QueryInterface.begin	0	-	b824b49d
2702370164928	9040	2564	2701072351123	19f86848af0	QueryInterface.end	0	80004002	b824b49d
2702370165345	9040	2564	2701072351123	19f86848af0	Release	0	9	test/switching/07-image.jpeg
2702370165524	9040	2564	2701072351123	19f86848af0	AddRef	0	10	test/switching/07-image.jpeg
2702370166643	9040	2564	2701072351123	19f86848af0	QueryInterface.begin	0	-	7f73be3f
2702370166890	9040	2564	2701072351123	19f86848af0	QueryInterface.end	0	80004002	7f73be3f
2702370167359	9040	2564	2701072351123	19f86848af0	Release	0	9	test/switching/07-image.jpeg
2702370167985	9040	2564	2701072351123	19f86848af0	AddRef	0	10	test/switching/07-image.jpeg
2702370169776	9040	2564	2701072351123	19f86848af0	Initialize.begin	0	-	test/switching/01-image.png
2702370170007	9040	2564	2701072351123	19f86848af0	Initialize.end	0	0	test/switching/01-image.png
2702370170561	9040	2564	2701072351123	19f86848af0	Release	0	9	test/switching/01-image.png
2702370170669	9040	2564	2701072351123	19f86848af0	AddRef	0	10	test/switching/01-image.png
2702370172696	9040	2564	2701072351123	19f86848af0	SetSite.begin	0	-	site
2702370172901	9040	2564	2701072351123	19f86848af0	SetSite.end	0	0	site
2702370173267	9040	2564	2701072351123	19f86848af0	Release	0	9	test/switching/01-image.png
2702370173433	9040	2564	2701072351123	19f86848af0	AddRef	0	10	test/switching/01-image.png
2702370174893	9040	2564	2701072351123	19f86848af0	SetWindow.begin	0	-	462580
2702370175054	9040	2564	2701072351123	19f86848af0	SetWindow.end	0	0	462580
2702370175343	9040	2564	2701072351123	19f86848af0	Release	0	9	test/switching/01-image.png
2702370175474	9040	2564	2701072351123	19f86848af0	AddRef	0	10	test/switching/01-image.png
2702370176045	9040	2564	2701072351123	19f86848af0	QueryInterface.begin	0	-	196bf9a5
2702370176243	9040	2564	2701072351123	19f86848af0	QueryInterface.end	0	80004002	196bf9a5
2702370176556	9040	2564	2701072351123	19f86848af0	Release	0	9	test/switching/01-image.png
2702370176632	9040	2564	2701072351123	19f86848af0	AddRef	0	10	test/switching/01-image.png
2702370177371	9040	2564	2701072351123	19f86848af0	DoPreview.begin	0	-	test/switching/01-image.png
2702371221291	9040	2564	2701072351123	19f86848af0	DoPreview.end	6753556	0	test/switching/01-image.png
2702371222012	9040	2564	2701072351123	19f86848af0	Release	6753556	9	test/switching/01-image.png
2702371223820	9040	2564	2701072351123	19f86848af0	AddRef	6753556	10	test/switching/01-image.png
2702419817654	9040	2564	2701072351123	19f86848af0	Unload.begin	6753556	-	test/switching/01-image.png
2702419825802	9040	2564	2701072351123	19f86848af0	Unload.end	0	0	test/switching/01-image.png
2702419826546	9040	2564	2701072351123	19f86848af0	Release	0	9	test/switching/01-image.png
2702419826767	9040	2564	2701072351123	19f86848af0	AddRef	0	10	test/switching/01-image.png
2702419828488	9040	2564	2701072351123	19f86848af0	SetSite.begin	0	-	null
2702419830324	9040	2564	2701072351123	19f86848af0	SetSite.end	0	0	null
2702419831172	9040	2564	2701072351123	19f86848af0	Release	0	9	test/switching/01-image.png
2702419831525	9040	2564	2701072351123	19f86848af0	AddRef	0	10	test/switching/01-image.png
2702419853445	9040	2564	2701072351123	19f86848af0	QueryInterface.begin	0	-	b824b49d
2702419853680	9040	2564	2701072351123	19f86848af0	QueryInterface.end	0	80004002	b824b49d
2702419854057	9040	2564	2701072351123	19f86848af0	Release	0	9	test/switching/01-image.png
2702419854241	9040	2564	2701072351123	19f86848af0	AddRef	0	10	test/switching/01-image.png
2702419854846	9040	2564	2701072351123	19f86848af0	QueryInterface.begin	0	-	7f73be3f
2702419854958	9040	2564	2701072351123	19f86848af0	QueryInterface.end	0	80004002	7f73be3f
2702419855200	9040	2564	2701072351123	19f86848af0	Release	0	9	test/switching/01-image.png
2702419855344	9040	2564	2701072351123	19f86848af0	AddRef	0	10	test/switching/01-image.png
2702419856151	9040	2564	2701072351123	19f86848af0	Initialize.begin	0	-	test/switching/02-archive.zip
2702419856273	9040	2564	2701072351123	19f86848af0	Initialize.end	0	0	test/switching/02-archive.zip
2702419856499	9040	2564	2701072351123	19f86848af0	Release	0	9	test/switching/02-archive.zip
2702419856612	9040	2564	2701072351123	19f86848af0	AddRef	0	10	test/switching/02-archive.zip
2702419857969	9040	2564	2701072351123	19f86848af0	SetSite.begin	0	-	site
2702419858083	9040	2564	2701072351123	19f86848af0	SetSite.end	0	0	site
2702419858327	9040	2564	2701072351123	19f86848af0	Release	0	9	test/switching/02-archive.zip
2702419858420	9040	2564	2701072351123	19f86848af0	AddRef	0	10	test/switching/02-archive.zip
2702419859233	9040	2564	2701072351123	19f86848af0	SetWindow.begin	0	-	462580
2702419859308	9040	2564	2701072351123	19f86848af0	SetWindow.end	0	0	462580
2702419859533	9040	2564	2701072351123	19f86848af0	Release	0	9	test/switching/02-archive.zip
2702419859663	9040	2564	2701072351123	19f86848af0	AddRef	0	10	test/switching/02-archive.zip
2702419860032	9040	2564	2701072351123	19f86848af0	QueryInterface.begin	0	-	196bf9a5
2702419860128	9040	2564	2701072351123	19f86848af0	QueryInterface.end	0	80004002	196bf9a5
2702419860337	9040	2564	2701072351123	19f86848af0	Release	0	9	test/switching/02-archive.zip
2702419860429	9040	2564	2701072351123	19f86848af0	AddRef	0	10	test/switching/02-archive.zip
2702419861593	9040	2564	2701072351123	19f86848af0	DoPreview.begin	0	-	test/switching/02-archive.zip
2702420403011	9040	2564	2701072351123	19f86848af0	DoPreview.end	13569732	0	test/switching/02-archive.zip
2702420404171	9040	2564	2701072351123	19f86848af0	Release	13569732	9	test/switching/02-archive.zip
2702420404448	9040	2564	2701072351123	19f86848af0	AddRef	13569732	10	test/switching/02-archive.zip
2702431405141	9040	2564	2701072351123	19f86848af0	Unload.begin	13569732	-	test/switching/02-archive.zip
2702431427287	9040	2564	2701072351123	19f86848af0	Unload.end	0	0	test/switching/02-archive.zip
2702431430183	9040	2564	2701072351123	19f86848af0	Release	0	9	test/switching/02-archive.zip
2702431430505	9040	2564	2701072351123	19f86848af0	AddRef	0	10	test/switching/02-archive.zip
2702431434809	9040	2564	2701072351123	19f86848af0	SetSite.begin	0	-	null
2702431442593	9040	2564	2701072351123	19f86848af0	SetSite.end	0	0	null
2702431444456	9040	2564	2701072351123	19f86848af0	Release	0	9	test/switching/02-archive.zip
2702431445534	9040	2564	2701072351123	19f86848af0	AddRef	0	10	test/switching/02-archive.zip
2702431493606	9040	2564	2701072351123	19f86848af0	QueryInterface.begin	0	-	b824b49d
2702431494196	9040	2564	2701072351123	19f86848af0	QueryInterface.end	0	80004002	b824b49d
2702431494966	9040	2564	2701072351123	19f86848af0	Release	0	9	test/switching/02-archive.zip
2702431496497	9040	2564	2701072351123	19f86848af0	AddRef	0	10	test/switching/02-archive.zip
2702431510206	9040	2564	2701072351123	19f86848af0	QueryInterface.begin	0	-	7f73be3f
2702431512487	9040	2564	2701072351123	19f86848af0	QueryInterface.end	0	80004002	7f73be3f
2702431514964	9040	2564	2701072351123	19f86848af0	Release	0	9	test/switching/02-archive.zip
2702431515160	9040	2564	2701072351123	19f86848af0	AddRef	0	10	test/switching/02-archive.zip
2702431516047	9040	2564	2701072351123	19f86848af0	Initialize.begin	0	-	test/switching/05-archive.7z
2702431516212	9040	2564	2701072351123	19f86848af0	Initialize.end	0	0	test/switching/05-archive.7z
2702431516540	9040	2564	2701072351123	19f86848af0	Release	0	9	test/switching/05-archive.7z
2702431516625	9040	2564	2701072351123	19f86848af0	AddRef	0	10	test/switching/05-archive.7z
2702431518854	9040	2564	2701072351123	19f86848af0	SetSite.begin	0	-	site
2702431521879	9040	2564	2701072351123	19f86848af0	SetSite.end	0	0	site
2702431527955	9040	2564	2701072351123	19f86848af0	Release	0	9	test/switching/05-archive.7z
2702431528197	9040	2564	2701072351123	19f86848af0	AddRef	0	10	test/switching/05-archive.7z
2702431529887	9040	2564	2701072351123	19f86848af0	SetWindow.begin	0	-	462580
2702431530003	9040	2564	2701072351123	19f86848af0	SetWindow.end	0	0	462580
2702431531600	9040	2564	2701072351123	19f86848af0	QueryInterface.begin	0	-	196bf9a5
2702431534178	9040	2564	2701072351123	19f86848af0	QueryInterface.end	0	80004002	196bf9a5
2702431534833	9040	2564	2701072351123	19f86848af0	Release	0	9	test/switching/05-archive.7z
2702431534970	9040	2564	2701072351123	19f86848af0	AddRef	0	10	test/switching/05-archive.7z
2702431536608	9040	2564	2701072351123	19f86848af0	DoPreview.begin	0	-	test/switching/05-archive.7z
2702431814771	9040	2564	2701072351123	19f86848af0	DoPreview.end	5705440	0	test/switching/05-archive.7z
2702431816094	9040	2564	2701072351123	19f86848af0	Release	5705440	9	test/switching/05-archive.7z
2702431821006	9040	2564	2701072351123	19f86848af0	AddRef	5705440	10	test/switching/05-archive.7z
2702444830970	9040	2564	2701072351123	19f86848af0	Unload.begin	5705440	-	test/switching/05-archive.7z
2702444851219	9040	2564	2701072351123	19f86848af0	Unload.end	0	0	test/switching/05-archive.7z
2702444854556	9040	2564	2701072351123	19f86848af0	Release	0	9	test/switching/05-archive.7z
2702444856169	9040	2564	2701072351123	19f86848af0	AddRef	0	10	test/switching/05-archive.7z
2702444857472	9040	2564	2701072351123	19f86848af0	SetSite.begin	0	-	null
2702444862298	9040	2564	2701072351123	19f86848af0	SetSite.end	0	0	null
2702444867274	9040	2564	2701072351123	19f86848af0	Release	0	9	test/switching/05-archive.7z
2702444868189	9040	2564	2701072351123	19f86848af0	AddRef	0	10	test/switching/05-archive.7z
2702444901650	9040	2564	2701072351123	19f86848af0	QueryInterface.begin	0	-	b824b49d
2702444901950	9040	2564	2701072351123	19f86848af0	QueryInterface.end	0	80004002	b824b49d
2702444902409	9040	2564	2701072351123	19f86848af0	Release	0	9	test/switching/05-archive.7z
2702444902697	9040	2564	2701072351123	19f86848af0	AddRef	0	10	test/switching/05-archive.7z
2702444903652	9040	2564	2701072351123	19f86848af0	QueryInterface.begin	0	-	7f73be3f
2702444903819	9040	2564	2701072351123	19f86848af0	QueryInterface.end	0	80004002	7f73be3f
2702444904181	9040	2564	2701072351123	19f86848af0	Release	0	9	test/switching/05-archive.7z
2702444904417	9040	2564	2701072351123	19f86848af0	AddRef	0	10	test/switching/05-archive.7z
2702444905740	9040	2564	2701072351123	19f86848af0	Initialize.begin	0	-	test/switching/08-archive.rar
2702444906035	9040	2564	2701072351123	19f86848af0	Initialize.end	0	0	test/switching/08-archive.rar
2702444909132	9040	2564	2701072351123	19f86848af0	SetSite.begin	0	-	site
2702444911519	9040	2564	2701072351123	19f86848af0	SetSite.end	0	0	site
2702444911828	9040	2564	2701072351123	19f86848af0	Release	0	9	test/switching/08-archive.rar
2702444912007	9040	2564	2701072351123	19f86848af0	AddRef	0	10	test/switching/08-archive.rar
2702444914505	9040	2564	2701072351123	19f86848af0	SetWindow.begin	0	-	462580
2702444914831	9040	2564	2701072351123	19f86848af0	SetWindow.end	0	0	462580
2702444915368	9040	2564	2701072351123	19f86848af0	Release	0	9	test/switching/08-archive.rar
2702444915610	9040	2564	2701072351123	19f86848af0	AddRef	0	10	test/switching/08-archive.rar
2702444917011	9040	2564	2701072351123	19f86848af0	QueryInterface.begin	0	-	196bf9a5
2702444918716	9040	2564	2701072351123	19f86848af0	QueryInterface.end	0	80004002	196bf9a5
2702444919661	9040	2564	2701072351123	19f86848af0	Release	0	9	test/switching/08-archive.rar
2702444920305	9040	2564	2701072351123	19f86848af0	AddRef	0	10	test/switching/08-archive.rar
2702444920591	9040	2564	2701072351123	19f86848af0	DoPreview.begin	0	-	test/switching/08-archive.rar
2702445167797	9040	2564	2701072351123	19f86848af0	DoPreview.end	9637662	0	test/switching/08-archive.rar
2702445173011	9040	2564	2701072351123	19f86848af0	Release	9637662	9	test/switching/08-archive.rar
2702445173331	9040	2564	2701072351123	19f86848af0	AddRef	9637662	10	test/switching/08-archive.rar
2702456372003	9040	2564	2701072351123	19f86848af0	Unload.begin	9637662	-	test/switching/08-archive.rar
2702456385220	9040	2564	2701072351123	19f86848af0	Unload.end	0	0	test/switching/08-archive.rar
2702456386891	9040	2564	2701072351123	19f86848af0	Release	0	9	test/switching/08-archive.rar
2702456389443	9040	2564	2701072351123	19f86848af0	AddRef	0	10	test/switching/08-archive.rar
2702456392250	9040	2564	2701072351123	19f86848af0	SetSite.begin	0	-	null
2702456396531	9040	2564	2701072351123	19f86848af0	SetSite.end	0	0	null
2702456396995	9040	2564	2701072351123	19f86848af0	Release	0	9	test/switching/08-archive.rar
2702456397093	9040	2564	2701072351123	19f86848af0	AddRef	0	10	test/switching/08-archive.rar
2702456415160	9040	2564	2701072351123	19f86848af0	QueryInterface.begin	0	-	b824b49d
2702456418219	9040	2564	2701072351123	19f86848af0	QueryInterface.end	0	80004002	b824b49d
2702456418805	9040	2564	2701072351123	19f86848af0	Release	0	9	test/switching/08-archive.rar
2702456418967	9040	2564	2701072351123	19f86848af0	AddRef	0	10	test/switching/08-archive.rar
2702456424935	9040	2564	2701072351123	19f86848af0	QueryInterface.begin	0	-	7f73be3f
2702456425162	9040	2564	2701072351123	19f86848af0	QueryInterface.end	0	80004002	7f73be3f
2702456425541	9040	2564	2701072351123	19f86848af0	Release	0	9	test/switching/08-archive.rar
2702456425848	9040	2564	2701072351123	19f86848af0	AddRef	0	10	test/switching/08-archive.rar
2702456437947	9040	2564	2701072351123	19f86848af0	Initialize.begin	0	-	test/switching/02-archive.zip
2702456438189	9040	2564	2701072351123	19f86848af0	Initialize.end	0	0	test/switching/02-archive.zip
2702456438584	9040	2564	2701072351123	19f86848af0	Release	0	9	test/switching/02-archive.zip
2702456441908	9040	2564	2701072351123	19f86848af0	AddRef	0	10	test/switching/02-archive.zip
2702456443426	9040	2564	2701072351123	19f86848af0	SetSite.begin	0	-	site
2702456445304	9040	2564	2701072351123	19f86848af0	SetSite.end	0	0	site
2702456445776	9040	2564	2701072351123	19f86848af0	Release	0	9	test/switching/02-archive.zip
2702456445901	9040	2564	2701072351123	19f86848af0	AddRef	0	10	test/switching/02-archive.zip
2702456448331	9040	2564	2701072351123	19f86848af0	SetWindow.begin	0	-	462580
2702456448992	9040	2564	2701072351123	19f86848af0	SetWindow.end	0	0	462580
2702456449512	9040	2564	2701072351123	19f86848af0	Release	0	9	test/switching/02-archive.zip
2702456449791	9040	2564	2701072351123	19f86848af0	AddRef	0	10	test/switching/02-archive.zip
2702456450188	9040	2564	2701072351123	19f86848af0	QueryInterface.begin	0	-	196bf9a5
2702456450332	9040	2564	2701072351123	19f86848af0	QueryInterface.end	0	80004002	196bf9a5
2702456450941	9040	2564	2701072351123	19f86848af0	Release	0	9	test/switching/02-archive.zip
2702456453652	9040	2564	2701072351123	19f86848af0	AddRef	0	10	test/switching/02-archive.zip
2702456454036	9040	2564	2701072351123	19f86848af0	DoPreview.begin	0	-	test/switching/02-archive.zip
2702456732328	9040	2564	2701072351123	19f86848af0	DoPreview.end	6885006	0	test/switching/02-archive.zip
2702456735417	9040	2564	2701072351123	19f86848af0	Release	6885006	9	test/switching/02-archive.zip
2702456735643	9040	2564	2701072351123	19f86848af0	AddRef	6885006	10	test/switching/02-archive.zip
2702499042213	9040	2564	2701072351123	19f86848af0	Unload.begin	6885006	-	test/switching/02-archive.zip
2702499052650	9040	2564	2701072351123	19f86848af0	Unload.end	0	0	test/switching/02-archive.zip
2702499053493	9040	2564	2701072351123	19f86848af0	Release	0	9	test/switching/02-archive.zip
2702499053766	9040	2564	2701072351123	19f86848af0	AddRef	0	10	test/switching/02-archive.zip
2702499056475	9040	2564	2701072351123	19f86848af0	SetSite.begin	0	-	null
2702499059105	9040	2564	2701072351123	19f86848af0	SetSite.end	0	0	null
2702499063390	9040	2564	2701072351123	19f86848af0	Release	0	9	test/switching/02-archive.zip
2702499063609	9040	2564	2701072351123	19f86848af0	AddRef	0	10	test/switching/02-archive.zip
2702499080268	9040	2564	2701072351123	19f86848af0	QueryInterface.begin	0	-	b824b49d
2702499081211	9040	2564	2701072351123	19f86848af0	QueryInterface.end	0	80004002	b824b49d
2702499081570	9040	2564	2701072351123	19f86848af0	Release	0	9	test/switching/02-archive.zip
2702499081688	9040	2564	2701072351123	19f86848af0	AddRef	0	10	test/switching/02-archive.zip
2702499082884	9040	2564	2701072351123	19f86848af0	QueryInterface.begin	0	-	7f73be3f
2702499082984	9040	2564	2701072351123	19f86848af0	QueryInterface.end	0	80004002	7f73be3f
2702499083386	9040	2564	2701072351123	19f86848af0	Release	0	9	test/switching/02-archive.zip
2702499083728	9040	2564	2701072351123	19f86848af0	AddRef	0	10	test/switching/02-archive.zip
2702499085366	9040	2564	2701072351123	19f86848af0	Initialize.begin	0	-	test/switching/03-markdown.md
2702499085585	9040	2564	2701072351123	19f86848af0	Initialize.end	0	0	test/switching/03-markdown.md
2702499085967	9040	2564	2701072351123	19f86848af0	Release	0	9	test/switching/03-markdown.md
2702499086150	9040	2564	2701072351123	19f86848af0	AddRef	0	10	test/switching/03-markdown.md
2702499087652	9040	2564	2701072351123	19f86848af0	SetSite.begin	0	-	site
2702499087793	9040	2564	2701072351123	19f86848af0	SetSite.end	0	0	site
2702499088158	9040	2564	2701072351123	19f86848af0	Release	0	9	test/switching/03-markdown.md
2702499088261	9040	2564	2701072351123	19f86848af0	AddRef	0	10	test/switching/03-markdown.md
2702499089814	9040	2564	2701072351123	19f86848af0	SetWindow.begin	0	-	462580
2702499089978	9040	2564	2701072351123	19f86848af0	SetWindow.end	0	0	462580
2702499090321	9040	2564	2701072351123	19f86848af0	Release	0	9	test/switching/03-markdown.md
2702499090468	9040	2564	2701072351123	19f86848af0	AddRef	0	10	test/switching/03-markdown.md
2702499090809	9040	2564	2701072351123	19f86848af0	QueryInterface.begin	0	-	196bf9a5
2702499091376	9040	2564	2701072351123	19f86848af0	QueryInterface.end	0	80004002	196bf9a5
2702499091812	9040	2564	2701072351123	19f86848af0	Release	0	9	test/switching/03-markdown.md
2702499091957	9040	2564	2701072351123	19f86848af0	AddRef	0	10	test/switching/03-markdown.md
2702499093360	9040	2564	2701072351123	19f86848af0	DoPreview.begin	0	-	test/switching/03-markdown.md
2702499273230	9040	2564	2701072351123	19f86848af0	DoPreview.end	6295178	0	test/switching/03-markdown.md
2702499275052	9040	2564	2701072351123	19f86848af0	Release	6295178	9	test/switching/03-markdown.md
2702499275317	9040	2564	2701072351123	19f86848af0	AddRef	6295178	10	test/switching/03-markdown.md
2702513391797	9040	2564	2701072351123	19f86848af0	Unload.begin	6295178	-	test/switching/03-markdown.md
2702513406665	9040	2564	2701072351123	19f86848af0	Unload.end	0	0	test/switching/03-markdown.md
2702513407640	9040	2564	2701072351123	19f86848af0	Release	0	9	test/switching/03-markdown.md
2702513407776	9040	2564	2701072351123	19f86848af0	AddRef	0	10	test/switching/03-markdown.md
2702513408740	9040	2564	2701072351123	19f86848af0	SetSite.begin	0	-	null
2702513412744	9040	2564	2701072351123	19f86848af0	SetSite.end	0	0	null
2702513413352	9040	2564	2701072351123	19f86848af0	Release	0	9	test/switching/03-markdown.md
2702513413591	9040	2564	2701072351123	19f86848af0	AddRef	0	10	test/switching/03-markdown.md
2702513436844	9040	2564	2701072351123	19f86848af0	QueryInterface.begin	0	-	b824b49d
2702513437165	9040	2564	2701072351123	19f86848af0	QueryInterface.end	0	80004002	b824b49d
2702513437674	9040	2564	2701072351123	19f86848af0	Release	0	9	test/switching/03-markdown.md
2702513437928	9040	2564	2701072351123	19f86848af0	AddRef	0	10	test/switching/03-markdown.md
2702513442529	9040	2564	2701072351123	19f86848af0	QueryInterface.begin	0	-	7f73be3f
2702513442716	9040	2564	2701072351123	19f86848af0	QueryInterface.end	0	80004002	7f73be3f
2702513443161	9040	2564	2701072351123	19f86848af0	Release	0	9	test/switching/03-markdown.md
2702513443351	9040	2564	2701072351123	19f86848af0	AddRef	0	10	test/switching/03-markdown.md
2702513444516	9040	2564	2701072351123	19f86848af0	Initialize.begin	0	-	test/switching/06-markdown.markdown
2702513444744	9040	2564	2701072351123	19f86848af0	Initialize.end	0	0	test/switching/06-markdown.markdown
2702513445059	9040	2564	2701072351123	19f86848af0	Release	0	9	test/switching/06-markdown.markdown
2702513445269	9040	2564	2701072351123	19f86848af0	AddRef	0	10	test/switching/06-markdown.markdown
2702513446643	9040	2564	2701072351123	19f86848af0	SetSite.begin	0	-	site
2702513446800	9040	2564	2701072351123	19f86848af0	SetSite.end	0	0	site
2702513447065	9040	2564	2701072351123	19f86848af0	Release	0	9	test/switching/06-markdown.markdown
2702513447215	9040	2564	2701072351123	19f86848af0	AddRef	0	10	test/switching/06-markdown.markdown
2702513448178	9040	2564	2701072351123	19f86848af0	SetWindow.begin	0	-	462580
2702513448333	9040	2564	2701072351123	19f86848af0	SetWindow.end	0	0	462580
2702513448595	9040	2564	2701072351123	19f86848af0	Release	0	9	test/switching/06-markdown.markdown
2702513448720	9040	2564	2701072351123	19f86848af0	AddRef	0	10	test/switching/06-markdown.markdown
2702513449291	9040	2564	2701072351123	19f86848af0	QueryInterface.begin	0	-	196bf9a5
2702513449420	9040	2564	2701072351123	19f86848af0	QueryInterface.end	0	80004002	196bf9a5
2702513449712	9040	2564	2701072351123	19f86848af0	Release	0	9	test/switching/06-markdown.markdown
2702513449806	9040	2564	2701072351123	19f86848af0	AddRef	0	10	test/switching/06-markdown.markdown
2702513450659	9040	2564	2701072351123	19f86848af0	DoPreview.begin	0	-	test/switching/06-markdown.markdown
2702513661342	9040	2564	2701072351123	19f86848af0	DoPreview.end	4918530	0	test/switching/06-markdown.markdown
2702513662720	9040	2564	2701072351123	19f86848af0	Release	4918530	9	test/switching/06-markdown.markdown
2702513662909	9040	2564	2701072351123	19f86848af0	AddRef	4918530	10	test/switching/06-markdown.markdown
2702525392688	9040	2564	2701072351123	19f86848af0	Unload.begin	4918530	-	test/switching/06-markdown.markdown
2702525399482	9040	2564	2701072351123	19f86848af0	Unload.end	0	0	test/switching/06-markdown.markdown
2702525400323	9040	2564	2701072351123	19f86848af0	Release	0	9	test/switching/06-markdown.markdown
2702525400505	9040	2564	2701072351123	19f86848af0	AddRef	0	10	test/switching/06-markdown.markdown
2702525403613	9040	2564	2701072351123	19f86848af0	SetSite.begin	0	-	null
2702525407809	9040	2564	2701072351123	19f86848af0	SetSite.end	0	0	null
2702525408388	9040	2564	2701072351123	19f86848af0	Release	0	9	test/switching/06-markdown.markdown
2702525408617	9040	2564	2701072351123	19f86848af0	AddRef	0	10	test/switching/06-markdown.markdown
2702525431735	9040	2564	2701072351123	19f86848af0	QueryInterface.begin	0	-	b824b49d
2702525432633	9040	2564	2701072351123	19f86848af0	QueryInterface.end	0	80004002	b824b49d
2702525433294	9040	2564	2701072351123	19f86848af0	Release	0	9	test/switching/06-markdown.markdown
2702525433610	9040	2564	2701072351123	19f86848af0	AddRef	0	10	test/switching/06-markdown.markdown
2702525434049	9040	2564	2701072351123	19f86848af0	QueryInterface.begin	0	-	7f73be3f
2702525434182	9040	2564	2701072351123	19f86848af0	QueryInterface.end	0	80004002	7f73be3f
2702525434506	9040	2564	2701072351123	19f86848af0	Release	0	9	test/switching/06-markdown.markdown
2702525438172	9040	2564	2701072351123	19f86848af0	AddRef	0	10	test/switching/06-markdown.markdown
2702525438397	9040	2564	2701072351123	19f86848af0	Initialize.begin	0	-	test/switching/03-markdown.md
2702525438559	9040	2564	2701072351123	19f86848af0	Initialize.end	0	0	test/switching/03-markdown.md
2702525438826	9040	2564	2701072351123	19f86848af0	Release	0	9	test/switching/03-markdown.md
2702525439010	9040	2564	2701072351123	19f86848af0	AddRef	0	10	test/switching/03-markdown.md
2702525440507	9040	2564	2701072351123	19f86848af0	SetSite.begin	0	-	site
2702525440636	9040	2564	2701072351123	19f86848af0	SetSite.end	0	0	site
2702525440903	9040	2564	2701072351123	19f86848af0	Release	0	9	test/switching/03-markdown.md
2702525441078	9040	2564	2701072351123	19f86848af0	AddRef	0	10	test/switching/03-markdown.md
2702525442073	9040	2564	2701072351123	19f86848af0	SetWindow.begin	0	-	462580
2702525442160	9040	2564	2701072351123	19f86848af0	SetWindow.end	0	0	462580
2702525442392	9040	2564	2701072351123	19f86848af0	Release	0	9	test/switching/03-markdown.md
2702525442512	9040	2564	2701072351123	19f86848af0	AddRef	0	10	test/switching/03-markdown.md
2702525443258	9040	2564	2701072351123	19f86848af0	QueryInterface.begin	0	-	196bf9a5
2702525443383	9040	2564	2701072351123	19f86848af0	QueryInterface.end	0	80004002	196bf9a5
2702525443692	9040	2564	2701072351123	19f86848af0	Release	0	9	test/switching/03-markdown.md
2702525443777	9040	2564	2701072351123	19f86848af0	AddRef	0	10	test/switching/03-markdown.md
2702525444230	9040	2564	2701072351123	19f86848af0	DoPreview.begin	0	-	test/switching/03-markdown.md
2702525632162	9040	2564	2701072351123	19f86848af0	DoPreview.end	724770	0	test/switching/03-markdown.md
2702525635829	9040	2564	2701072351123	19f86848af0	Release	724770	9	test/switching/03-markdown.md
2702525636080	9040	2564	2701072351123	19f86848af0	AddRef	724770	10	test/switching/03-markdown.md
2704681130659	9040	2564	2701072351123	19f86848af0	Release	724770	9	test/switching/03-markdown.md
2704681131081	9040	2564	2701072351123	19f86848af0	AddRef	724770	10	test/switching/03-markdown.md
2996553409048	9040	2564	2701072351123	19f86848af0	Unload.begin	724770	-	test/switching/03-markdown.md
2996553425548	9040	2564	2701072351123	19f86848af0	Unload.end	0	0	test/switching/03-markdown.md
2996553426594	9040	2564	2701072351123	19f86848af0	Release	0	9	test/switching/03-markdown.md
2996553427133	9040	2564	2701072351123	19f86848af0	AddRef	0	10	test/switching/03-markdown.md
2996553431403	9040	2564	2701072351123	19f86848af0	SetSite.begin	0	-	null
2996553435293	9040	2564	2701072351123	19f86848af0	SetSite.end	0	0	null
2996553438278	9040	2564	2701072351123	19f86848af0	Release	0	9	test/switching/03-markdown.md
2996553438527	9040	2564	2701072351123	19f86848af0	AddRef	0	10	test/switching/03-markdown.md
2996553608328	9040	2564	2701072351123	19f86848af0	QueryInterface.begin	0	-	b824b49d
2996553609594	9040	2564	2701072351123	19f86848af0	QueryInterface.end	0	80004002	b824b49d
2996553610098	9040	2564	2701072351123	19f86848af0	Release	0	9	test/switching/03-markdown.md
2996553610500	9040	2564	2701072351123	19f86848af0	AddRef	0	10	test/switching/03-markdown.md
2996553611329	9040	2564	2701072351123	19f86848af0	QueryInterface.begin	0	-	7f73be3f
2996553611472	9040	2564	2701072351123	19f86848af0	QueryInterface.end	0	80004002	7f73be3f
2996553611806	9040	2564	2701072351123	19f86848af0	Release	0	9	test/switching/03-markdown.md
2996553611990	9040	2564	2701072351123	19f86848af0	AddRef	0	10	test/switching/03-markdown.md
2996553613072	9040	2564	2701072351123	19f86848af0	Initialize.begin	0	-	test/switching/01-image.png
2996553613196	9040	2564	2701072351123	19f86848af0	Initialize.end	0	0	test/switching/01-image.png
2996553613548	9040	2564	2701072351123	19f86848af0	Release	0	9	test/switching/01-image.png
2996553613759	9040	2564	2701072351123	19f86848af0	AddRef	0	10	test/switching/01-image.png
2996553615296	9040	2564	2701072351123	19f86848af0	SetSite.begin	0	-	site
2996553615753	9040	2564	2701072351123	19f86848af0	SetSite.end	0	0	site
2996553616042	9040	2564	2701072351123	19f86848af0	Release	0	9	test/switching/01-image.png
2996553616151	9040	2564	2701072351123	19f86848af0	AddRef	0	10	test/switching/01-image.png
2996553617069	9040	2564	2701072351123	19f86848af0	SetWindow.begin	0	-	462580
2996553618114	9040	2564	2701072351123	19f86848af0	SetWindow.end	0	0	462580
2996553618428	9040	2564	2701072351123	19f86848af0	Release	0	9	test/switching/01-image.png
2996553618522	9040	2564	2701072351123	19f86848af0	AddRef	0	10	test/switching/01-image.png
2996553618894	9040	2564	2701072351123	19f86848af0	QueryInterface.begin	0	-	196bf9a5
2996553620591	9040	2564	2701072351123	19f86848af0	QueryInterface.end	0	80004002	196bf9a5
2996553620830	9040	2564	2701072351123	19f86848af0	Release	0	9	test/switching/01-image.png
2996553620923	9040	2564	2701072351123	19f86848af0	AddRef	0	10	test/switching/01-image.png
2996553621307	9040	2564	2701072351123	19f86848af0	DoPreview.begin	0	-	test/switching/01-image.png
2996554237365	9040	2564	2701072351123	19f86848af0	DoPreview.end	6491786	0	test/switching/01-image.png
2996554240800	9040	2564	2701072351123	19f86848af0	Release	6491786	9	test/switching/01-image.png
2996554242409	9040	2564	2701072351123	19f86848af0	AddRef	6491786	10	test/switching/01-image.png
2996564910865	9040	2564	2701072351123	19f86848af0	Unload.begin	6491786	-	test/switching/01-image.png
2996564917012	9040	2564	2701072351123	19f86848af0	Unload.end	0	0	test/switching/01-image.png
2996564917454	9040	2564	2701072351123	19f86848af0	Release	0	9	test/switching/01-image.png
2996564917716	9040	2564	2701072351123	19f86848af0	AddRef	0	10	test/switching/01-image.png
2996564918390	9040	2564	2701072351123	19f86848af0	SetSite.begin	0	-	null
2996564920482	9040	2564	2701072351123	19f86848af0	SetSite.end	0	0	null
2996564920788	9040	2564	2701072351123	19f86848af0	Release	0	9	test/switching/01-image.png
2996564920882	9040	2564	2701072351123	19f86848af0	AddRef	0	10	test/switching/01-image.png
2996565050133	9040	2564	2701072351123	19f86848af0	QueryInterface.begin	0	-	b824b49d
2996565050609	9040	2564	2701072351123	19f86848af0	QueryInterface.end	0	80004002	b824b49d
2996565051061	9040	2564	2701072351123	19f86848af0	Release	0	9	test/switching/01-image.png
2996565051599	9040	2564	2701072351123	19f86848af0	AddRef	0	10	test/switching/01-image.png
2996565052860	9040	2564	2701072351123	19f86848af0	QueryInterface.begin	0	-	7f73be3f
2996565053046	9040	2564	2701072351123	19f86848af0	QueryInterface.end	0	80004002	7f73be3f
2996565053451	9040	2564	2701072351123	19f86848af0	Release	0	9	test/switching/01-image.png
2996565053636	9040	2564	2701072351123	19f86848af0	AddRef	0	10	test/switching/01-image.png
2996565054387	9040	2564	2701072351123	19f86848af0	Initialize.begin	0	-	test/switching/08-archive.rar
2996565054791	9040	2564	2701072351123	19f86848af0	Initialize.end	0	0	test/switching/08-archive.rar
2996565055144	9040	2564	2701072351123	19f86848af0	Release	0	9	test/switching/08-archive.rar
2996565055248	9040	2564	2701072351123	19f86848af0	AddRef	0	10	test/switching/08-archive.rar
2996565056734	9040	2564	2701072351123	19f86848af0	SetSite.begin	0	-	site
2996565056879	9040	2564	2701072351123	19f86848af0	SetSite.end	0	0	site
2996565057268	9040	2564	2701072351123	19f86848af0	Release	0	9	test/switching/08-archive.rar
2996565057382	9040	2564	2701072351123	19f86848af0	AddRef	0	10	test/switching/08-archive.rar
2996565058277	9040	2564	2701072351123	19f86848af0	SetWindow.begin	0	-	462580
2996565060278	9040	2564	2701072351123	19f86848af0	SetWindow.end	0	0	462580
2996565060870	9040	2564	2701072351123	19f86848af0	Release	0	9	test/switching/08-archive.rar
2996565061063	9040	2564	2701072351123	19f86848af0	AddRef	0	10	test/switching/08-archive.rar
2996565066283	9040	2564	2701072351123	19f86848af0	QueryInterface.begin	0	-	196bf9a5
2996565066476	9040	2564	2701072351123	19f86848af0	QueryInterface.end	0	80004002	196bf9a5
2996565066756	9040	2564	2701072351123	19f86848af0	Release	0	9	test/switching/08-archive.rar
2996565066917	9040	2564	2701072351123	19f86848af0	AddRef	0	10	test/switching/08-archive.rar
2996565067553	9040	2564	2701072351123	19f86848af0	DoPreview.begin	0	-	test/switching/08-archive.rar
2996565288179	9040	2564	2701072351123	19f86848af0	DoPreview.end	30280130	0	test/switching/08-archive.rar
2996565290827	9040	2564	2701072351123	19f86848af0	Release	30280130	9	test/switching/08-archive.rar
2996565292599	9040	2564	2701072351123	19f86848af0	AddRef	30280130	10	test/switching/08-archive.rar
2996568820031	9040	2564	2701072351123	19f86848af0	Unload.begin	30280130	-	test/switching/08-archive.rar
2996568825252	9040	2564	2701072351123	19f86848af0	Unload.end	0	0	test/switching/08-archive.rar
2996568825950	9040	2564	2701072351123	19f86848af0	Release	0	9	test/switching/08-archive.rar
2996568826065	9040	2564	2701072351123	19f86848af0	AddRef	0	10	test/switching/08-archive.rar
2996568826633	9040	2564	2701072351123	19f86848af0	SetSite.begin	0	-	null
2996568829063	9040	2564	2701072351123	19f86848af0	SetSite.end	0	0	null
2996568829599	9040	2564	2701072351123	19f86848af0	Release	0	9	test/switching/08-archive.rar
2996568829684	9040	2564	2701072351123	19f86848af0	AddRef	0	10	test/switching/08-archive.rar
2996568938725	9040	2564	2701072351123	19f86848af0	QueryInterface.begin	0	-	b824b49d
2996568939117	9040	2564	2701072351123	19f86848af0	QueryInterface.end	0	80004002	b824b49d
2996568939495	9040	2564	2701072351123	19f86848af0	Release	0	9	test/switching/08-archive.rar
2996568939735	9040	2564	2701072351123	19f86848af0	AddRef	0	10	test/switching/08-archive.rar
2996568940182	9040	2564	2701072351123	19f86848af0	QueryInterface.begin	0	-	7f73be3f
2996568940530	9040	2564	2701072351123	19f86848af0	QueryInterface.end	0	80004002	7f73be3f
2996568940855	9040	2564	2701072351123	19f86848af0	Release	0	9	test/switching/08-archive.rar
2996568940960	9040	2564	2701072351123	19f86848af0	AddRef	0	10	test/switching/08-archive.rar
2996568941756	9040	2564	2701072351123	19f86848af0	Initialize.begin	0	-	test/switching/15-image.gif
2996568941879	9040	2564	2701072351123	19f86848af0	Initialize.end	0	0	test/switching/15-image.gif
2996568942138	9040	2564	2701072351123	19f86848af0	Release	0	9	test/switching/15-image.gif
2996568942265	9040	2564	2701072351123	19f86848af0	AddRef	0	10	test/switching/15-image.gif
2996568943421	9040	2564	2701072351123	19f86848af0	SetSite.begin	0	-	site
2996568943677	9040	2564	2701072351123	19f86848af0	SetSite.end	0	0	site
2996568943882	9040	2564	2701072351123	19f86848af0	Release	0	9	test/switching/15-image.gif
2996568943995	9040	2564	2701072351123	19f86848af0	AddRef	0	10	test/switching/15-image.gif
2996568944737	9040	2564	2701072351123	19f86848af0	SetWindow.begin	0	-	462580
2996568944984	9040	2564	2701072351123	19f86848af0	SetWindow.end	0	0	462580
2996568945170	9040	2564	2701072351123	19f86848af0	Release	0	9	test/switching/15-image.gif
2996568945302	9040	2564	2701072351123	19f86848af0	AddRef	0	10	test/switching/15-image.gif
2996568945599	9040	2564	2701072351123	19f86848af0	QueryInterface.begin	0	-	196bf9a5
2996568945696	9040	2564	2701072351123	19f86848af0	QueryInterface.end	0	80004002	196bf9a5
2996568945903	9040	2564	2701072351123	19f86848af0	Release	0	9	test/switching/15-image.gif
2996568946140	9040	2564	2701072351123	19f86848af0	AddRef	0	10	test/switching/15-image.gif
2996568946307	9040	2564	2701072351123	19f86848af0	DoPreview.begin	0	-	test/switching/15-image.gif
2996569522802	9040	2564	2701072351123	19f86848af0	DoPreview.end	658786	0	test/switching/15-image.gif
2996569524187	9040	2564	2701072351123	19f86848af0	Release	658786	9	test/switching/15-image.gif
2996569524457	9040	2564	2701072351123	19f86848af0	AddRef	658786	10	test/switching/15-image.gif
2996577273315	9040	2564	2701072351123	19f86848af0	Unload.begin	658786	-	test/switching/15-image.gif
2996577278201	9040	2564	2701072351123	19f86848af0	Unload.end	0	0	test/switching/15-image.gif
2996577278725	9040	2564	2701072351123	19f86848af0	Release	0	9	test/switching/15-image.gif
2996577278923	9040	2564	2701072351123	19f86848af0	AddRef	0	10	test/switching/15-image.gif
2996577279252	9040	2564	2701072351123	19f86848af0	SetSite.begin	0	-	null
2996577280665	9040	2564	2701072351123	19f86848af0	SetSite.end	0	0	null
2996577281093	9040	2564	2701072351123	19f86848af0	Release	0	9	test/switching/15-image.gif
2996577281273	9040	2564	2701072351123	19f86848af0	AddRef	0	10	test/switching/15-image.gif
2996577297540	9040	2564	2701072351123	19f86848af0	QueryInterface.begin	0	-	b824b49d
2996577297746	9040	2564	2701072351123	19f86848af0	QueryInterface.end	0	80004002	b824b49d
2996577298124	9040	2564	2701072351123	19f86848af0	Release	0	9	test/switching/15-image.gif
2996577298336	9040	2564	2701072351123	19f86848af0	AddRef	0	10	test/switching/15-image.gif
2996577298755	9040	2564	2701072351123	19f86848af0	QueryInterface.begin	0	-	7f73be3f
2996577298877	9040	2564	2701072351123	19f86848af0	QueryInterface.end	0	80004002	7f73be3f
2996577299120	9040	2564	2701072351123	19f86848af0	Release	0	9	test/switching/15-image.gif
2996577299218	9040	2564	2701072351123	19f86848af0	AddRef	0	10	test/switching/15-image.gif
2996577300652	9040	2564	2701072351123	19f86848af0	Initialize.begin	0	-	test/switching/08-archive.rar
2996577301155	9040	2564	2701072351123	19f86848af0	Initialize.end	0	0	test/switching/08-archive.rar
2996577301963	9040	2564	2701072351123	19f86848af0	Release	0	9	test/switching/08-archive.rar
2996577302390	9040	2564	2701072351123	19f86848af0	AddRef	0	10	test/switching/08-archive.rar
2996577303124	9040	2564	2701072351123	19f86848af0	SetSite.begin	0	-	site
2996577303227	9040	2564	2701072351123	19f86848af0	SetSite.end	0	0	site
2996577303485	9040	2564	2701072351123	19f86848af0	Release	0	9	test/switching/08-archive.rar
2996577303630	9040	2564	2701072351123	19f86848af0	AddRef	0	10	test/switching/08-archive.rar
2996577304329	9040	2564	2701072351123	19f86848af0	SetWindow.begin	0	-	462580
2996577304450	9040	2564	2701072351123	19f86848af0	SetWindow.end	0	0	462580
2996577304640	9040	2564	2701072351123	19f86848af0	Release	0	9	test/switching/08-archive.rar
2996577304726	9040	2564	2701072351123	19f86848af0	AddRef	0	10	test/switching/08-archive.rar
2996577305514	9040	2564	2701072351123	19f86848af0	QueryInterface.begin	0	-	196bf9a5
2996577305629	9040	2564	2701072351123	19f86848af0	QueryInterface.end	0	80004002	196bf9a5
2996577305887	9040	2564	2701072351123	19f86848af0	Release	0	9	test/switching/08-archive.rar
2996577306025	9040	2564	2701072351123	19f86848af0	AddRef	0	10	test/switching/08-archive.rar
2996577306413	9040	2564	2701072351123	19f86848af0	DoPreview.begin	0	-	test/switching/08-archive.rar
2996577629328	9040	2564	2701072351123	19f86848af0	DoPreview.end	8391222	0	test/switching/08-archive.rar
2996577630660	9040	2564	2701072351123	19f86848af0	Release	8391222	9	test/switching/08-archive.rar
2996577630917	9040	2564	2701072351123	19f86848af0	AddRef	8391222	10	test/switching/08-archive.rar
2996581672172	9040	2564	2701072351123	19f86848af0	Unload.begin	8391222	-	test/switching/08-archive.rar
2996581678565	9040	2564	2701072351123	19f86848af0	Unload.end	0	0	test/switching/08-archive.rar
2996581679158	9040	2564	2701072351123	19f86848af0	Release	0	9	test/switching/08-archive.rar
2996581679388	9040	2564	2701072351123	19f86848af0	AddRef	0	10	test/switching/08-archive.rar
2996581680589	9040	2564	2701072351123	19f86848af0	SetSite.begin	0	-	null
2996581684727	9040	2564	2701072351123	19f86848af0	SetSite.end	0	0	null
2996581686104	9040	2564	2701072351123	19f86848af0	Release	0	9	test/switching/08-archive.rar
2996581686237	9040	2564	2701072351123	19f86848af0	AddRef	0	10	test/switching/08-archive.rar
2996581720934	9040	2564	2701072351123	19f86848af0	QueryInterface.begin	0	-	b824b49d
2996581721554	9040	2564	2701072351123	19f86848af0	QueryInterface.end	0	80004002	b824b49d
2996581721862	9040	2564	2701072351123	19f86848af0	Release	0	9	test/switching/08-archive.rar
2996581722091	9040	2564	2701072351123	19f86848af0	AddRef	0	10	test/switching/08-archive.rar
2996581722667	9040	2564	2701072351123	19f86848af0	QueryInterface.begin	0	-	7f73be3f
2996581722884	9040	2564	2701072351123	19f86848af0	QueryInterface.end	0	80004002	7f73be3f
2996581723342	9040	2564	2701072351123	19f86848af0	Release	0	9	test/switching/08-archive.rar
2996581723718	9040	2564	2701072351123	19f86848af0	AddRef	0	10	test/switching/08-archive.rar
2996581727170	9040	2564	2701072351123	19f86848af0	Initialize.begin	0	-	test/switching/01-image.png
2996581727413	9040	2564	2701072351123	19f86848af0	Initialize.end	0	0	test/switching/01-image.png
2996581727711	9040	2564	2701072351123	19f86848af0	Release	0	9	test/switching/01-image.png
2996581727894	9040	2564	2701072351123	19f86848af0	AddRef	0	10	test/switching/01-image.png
2996581729117	9040	2564	2701072351123	19f86848af0	SetSite.begin	0	-	site
2996581729319	9040	2564	2701072351123	19f86848af0	SetSite.end	0	0	site
2996581729543	9040	2564	2701072351123	19f86848af0	Release	0	9	test/switching/01-image.png
2996581731448	9040	2564	2701072351123	19f86848af0	AddRef	0	10	test/switching/01-image.png
2996581731650	9040	2564	2701072351123	19f86848af0	SetWindow.begin	0	-	462580
2996581731774	9040	2564	2701072351123	19f86848af0	SetWindow.end	0	0	462580
2996581732067	9040	2564	2701072351123	19f86848af0	Release	0	9	test/switching/01-image.png
2996581732187	9040	2564	2701072351123	19f86848af0	AddRef	0	10	test/switching/01-image.png
2996581732545	9040	2564	2701072351123	19f86848af0	QueryInterface.begin	0	-	196bf9a5
2996581732640	9040	2564	2701072351123	19f86848af0	QueryInterface.end	0	80004002	196bf9a5
2996581732891	9040	2564	2701072351123	19f86848af0	Release	0	9	test/switching/01-image.png
2996581732987	9040	2564	2701072351123	19f86848af0	AddRef	0	10	test/switching/01-image.png
2996581733589	9040	2564	2701072351123	19f86848af0	DoPreview.begin	0	-	test/switching/01-image.png
2996582373892	9040	2564	2701072351123	19f86848af0	DoPreview.end	1117986	0	test/switching/01-image.png
2996582375793	9040	2564	2701072351123	19f86848af0	Release	1117986	9	test/switching/01-image.png
2996582376069	9040	2564	2701072351123	19f86848af0	AddRef	1117986	10	test/switching/01-image.png
2996582379350	9040	2564	2701072351123	19f86848af0	Unload.begin	1117986	-	test/switching/01-image.png
2996582607257	9040	2564	2701072351123	19f86848af0	Unload.end	0	0	test/switching/01-image.png
2996582609163	9040	2564	2701072351123	19f86848af0	Release	0	9	test/switching/01-image.png
2996582609455	9040	2564	2701072351123	19f86848af0	AddRef	0	10	test/switching/01-image.png
2996582610840	9040	2564	2701072351123	19f86848af0	SetSite.begin	0	-	null
2996582616157	9040	2564	2701072351123	19f86848af0	SetSite.end	0	0	null
2996582616539	9040	2564	2701072351123	19f86848af0	Release	0	9	test/switching/01-image.png
2996582616747	9040	2564	2701072351123	19f86848af0	AddRef	0	10	test/switching/01-image.png
2996582718988	9040	2564	2701072351123	19f86848af0	QueryInterface.begin	0	-	b824b49d
2996582719456	9040	2564	2701072351123	19f86848af0	QueryInterface.end	0	80004002	b824b49d
2996582719885	9040	2564	2701072351123	19f86848af0	Release	0	9	test/switching/01-image.png
2996582720165	9040	2564	2701072351123	19f86848af0	AddRef	0	10	test/switching/01-image.png
2996582720916	9040	2564	2701072351123	19f86848af0	QueryInterface.begin	0	-	7f73be3f
2996582721255	9040	2564	2701072351123	19f86848af0	QueryInterface.end	0	80004002	7f73be3f
2996582721651	9040	2564	2701072351123	19f86848af0	Release	0	9	test/switching/01-image.png
2996582721825	9040	2564	2701072351123	19f86848af0	AddRef	0	10	test/switching/01-image.png
2996582725429	9040	2564	2701072351123	19f86848af0	Initialize.begin	0	-	test/switching/02-archive.zip
2996582725631	9040	2564	2701072351123	19f86848af0	Initialize.end	0	0	test/switching/02-archive.zip
2996582725928	9040	2564	2701072351123	19f86848af0	Release	0	9	test/switching/02-archive.zip
2996582726095	9040	2564	2701072351123	19f86848af0	AddRef	0	10	test/switching/02-archive.zip
2996582728868	9040	2564	2701072351123	19f86848af0	SetSite.begin	0	-	site
2996582729037	9040	2564	2701072351123	19f86848af0	SetSite.end	0	0	site
2996582729278	9040	2564	2701072351123	19f86848af0	Release	0	9	test/switching/02-archive.zip
2996582729376	9040	2564	2701072351123	19f86848af0	AddRef	0	10	test/switching/02-archive.zip
2996582730745	9040	2564	2701072351123	19f86848af0	SetWindow.begin	0	-	462580
2996582730846	9040	2564	2701072351123	19f86848af0	SetWindow.end	0	0	462580
2996582731124	9040	2564	2701072351123	19f86848af0	Release	0	9	test/switching/02-archive.zip
2996582731344	9040	2564	2701072351123	19f86848af0	AddRef	0	10	test/switching/02-archive.zip
2996582731815	9040	2564	2701072351123	19f86848af0	QueryInterface.begin	0	-	196bf9a5
2996582731998	9040	2564	2701072351123	19f86848af0	QueryInterface.end	0	80004002	196bf9a5
2996582732329	9040	2564	2701072351123	19f86848af0	Release	0	9	test/switching/02-archive.zip
2996582732467	9040	2564	2701072351123	19f86848af0	AddRef	0	10	test/switching/02-archive.zip
2996582732909	9040	2564	2701072351123	19f86848af0	DoPreview.begin	0	-	test/switching/02-archive.zip
2996582910315	9040	2564	2701072351123	19f86848af0	DoPreview.end	986466	0	test/switching/02-archive.zip
2996582911226	9040	2564	2701072351123	19f86848af0	Release	986466	9	test/switching/02-archive.zip
2996582911540	9040	2564	2701072351123	19f86848af0	AddRef	986466	10	test/switching/02-archive.zip
2996603485587	9040	2564	2701072351123	19f86848af0	Unload.begin	986466	-	test/switching/02-archive.zip
2996603493553	9040	2564	2701072351123	19f86848af0	Unload.end	0	0	test/switching/02-archive.zip
2996603494789	9040	2564	2701072351123	19f86848af0	Release	0	9	test/switching/02-archive.zip
2996603494895	9040	2564	2701072351123	19f86848af0	AddRef	0	10	test/switching/02-archive.zip
2996603495479	9040	2564	2701072351123	19f86848af0	SetSite.begin	0	-	null
2996603496982	9040	2564	2701072351123	19f86848af0	SetSite.end	0	0	null
2996603499605	9040	2564	2701072351123	19f86848af0	Release	0	9	test/switching/02-archive.zip
2996603499945	9040	2564	2701072351123	19f86848af0	AddRef	0	10	test/switching/02-archive.zip
2996603541802	9040	2564	2701072351123	19f86848af0	QueryInterface.begin	0	-	b824b49d
2996603542829	9040	2564	2701072351123	19f86848af0	QueryInterface.end	0	80004002	b824b49d
2996603543216	9040	2564	2701072351123	19f86848af0	Release	0	9	test/switching/02-archive.zip
2996603543459	9040	2564	2701072351123	19f86848af0	AddRef	0	10	test/switching/02-archive.zip
2996603543816	9040	2564	2701072351123	19f86848af0	QueryInterface.begin	0	-	7f73be3f
2996603543959	9040	2564	2701072351123	19f86848af0	QueryInterface.end	0	80004002	7f73be3f
2996603544224	9040	2564	2701072351123	19f86848af0	Release	0	9	test/switching/02-archive.zip
2996603544431	9040	2564	2701072351123	19f86848af0	AddRef	0	10	test/switching/02-archive.zip
2996603545016	9040	2564	2701072351123	19f86848af0	Initialize.begin	0	-	test/switching/15-image.gif
2996603546349	9040	2564	2701072351123	19f86848af0	Initialize.end	0	0	test/switching/15-image.gif
2996603546688	9040	2564	2701072351123	19f86848af0	Release	0	9	test/switching/15-image.gif
2996603546881	9040	2564	2701072351123	19f86848af0	AddRef	0	10	test/switching/15-image.gif
2996603548100	9040	2564	2701072351123	19f86848af0	SetSite.begin	0	-	site
2996603548269	9040	2564	2701072351123	19f86848af0	SetSite.end	0	0	site
2996603548491	9040	2564	2701072351123	19f86848af0	Release	0	9	test/switching/15-image.gif
2996603550085	9040	2564	2701072351123	19f86848af0	AddRef	0	10	test/switching/15-image.gif
2996603550342	9040	2564	2701072351123	19f86848af0	SetWindow.begin	0	-	462580
2996603550449	9040	2564	2701072351123	19f86848af0	SetWindow.end	0	0	462580
2996603550710	9040	2564	2701072351123	19f86848af0	Release	0	9	test/switching/15-image.gif
2996603550939	9040	2564	2701072351123	19f86848af0	AddRef	0	10	test/switching/15-image.gif
2996603552489	9040	2564	2701072351123	19f86848af0	QueryInterface.begin	0	-	196bf9a5
2996603553626	9040	2564	2701072351123	19f86848af0	QueryInterface.end	0	80004002	196bf9a5
2996603554007	9040	2564	2701072351123	19f86848af0	Release	0	9	test/switching/15-image.gif
2996603554159	9040	2564	2701072351123	19f86848af0	AddRef	0	10	test/switching/15-image.gif
2996603554686	9040	2564	2701072351123	19f86848af0	DoPreview.begin	0	-	test/switching/15-image.gif
2996604435069	9040	2564	2701072351123	19f86848af0	DoPreview.end	30673346	0	test/switching/15-image.gif
2996604442493	9040	2564	2701072351123	19f86848af0	Release	30673346	9	test/switching/15-image.gif
2996604443157	9040	2564	2701072351123	19f86848af0	AddRef	30673346	10	test/switching/15-image.gif
2996606127813	9040	2564	2701072351123	19f86848af0	Unload.begin	30673346	-	test/switching/15-image.gif
2996606133840	9040	2564	2701072351123	19f86848af0	Unload.end	0	0	test/switching/15-image.gif
2996606134546	9040	2564	2701072351123	19f86848af0	Release	0	9	test/switching/15-image.gif
2996606136617	9040	2564	2701072351123	19f86848af0	AddRef	0	10	test/switching/15-image.gif
2996606140174	9040	2564	2701072351123	19f86848af0	SetSite.begin	0	-	null
2996606142779	9040	2564	2701072351123	19f86848af0	SetSite.end	0	0	null
2996606144720	9040	2564	2701072351123	19f86848af0	Release	0	9	test/switching/15-image.gif
2996606145374	9040	2564	2701072351123	19f86848af0	AddRef	0	10	test/switching/15-image.gif
2996606439279	9040	2564	2701072351123	19f86848af0	QueryInterface.begin	0	-	b824b49d
2996606445990	9040	2564	2701072351123	19f86848af0	QueryInterface.end	0	80004002	b824b49d
2996606446803	9040	2564	2701072351123	19f86848af0	Release	0	9	test/switching/15-image.gif
2996606447328	9040	2564	2701072351123	19f86848af0	AddRef	0	10	test/switching/15-image.gif
2996606447852	9040	2564	2701072351123	19f86848af0	QueryInterface.begin	0	-	7f73be3f
2996606447932	9040	2564	2701072351123	19f86848af0	QueryInterface.end	0	80004002	7f73be3f
2996606449584	9040	2564	2701072351123	19f86848af0	Release	0	9	test/switching/15-image.gif
2996606455169	9040	2564	2701072351123	19f86848af0	AddRef	0	10	test/switching/15-image.gif
2996606455792	9040	2564	2701072351123	19f86848af0	Initialize.begin	0	-	test/switching/14-image.svg
2996606456198	9040	2564	2701072351123	19f86848af0	Initialize.end	0	0	test/switching/14-image.svg
2996606456567	9040	2564	2701072351123	19f86848af0	Release	0	9	test/switching/14-image.svg
2996606456699	9040	2564	2701072351123	19f86848af0	AddRef	0	10	test/switching/14-image.svg
2996606458282	9040	2564	2701072351123	19f86848af0	SetSite.begin	0	-	site
2996606461989	9040	2564	2701072351123	19f86848af0	SetSite.end	0	0	site
2996606464152	9040	2564	2701072351123	19f86848af0	Release	0	9	test/switching/14-image.svg
2996606464474	9040	2564	2701072351123	19f86848af0	AddRef	0	10	test/switching/14-image.svg
2996606465566	9040	2564	2701072351123	19f86848af0	SetWindow.begin	0	-	462580
2996606468813	9040	2564	2701072351123	19f86848af0	SetWindow.end	0	0	462580
2996606472808	9040	2564	2701072351123	19f86848af0	Release	0	9	test/switching/14-image.svg
2996606476089	9040	2564	2701072351123	19f86848af0	AddRef	0	10	test/switching/14-image.svg
2996606478978	9040	2564	2701072351123	19f86848af0	QueryInterface.begin	0	-	196bf9a5
2996606480363	9040	2564	2701072351123	19f86848af0	QueryInterface.end	0	80004002	196bf9a5
2996606482359	9040	2564	2701072351123	19f86848af0	Release	0	9	test/switching/14-image.svg
2996606485969	9040	2564	2701072351123	19f86848af0	AddRef	0	10	test/switching/14-image.svg
2996606488655	9040	2564	2701072351123	19f86848af0	DoPreview.begin	0	-	test/switching/14-image.svg
2996607124361	9040	2564	2701072351123	19f86848af0	DoPreview.end	1380130	0	test/switching/14-image.svg
2996607131894	9040	2564	2701072351123	19f86848af0	Release	1380130	9	test/switching/14-image.svg
2996607134512	9040	2564	2701072351123	19f86848af0	AddRef	1380130	10	test/switching/14-image.svg
2996628252773	9040	2564	2701072351123	19f86848af0	Unload.begin	1380130	-	test/switching/14-image.svg
2996628261346	9040	2564	2701072351123	19f86848af0	Unload.end	0	0	test/switching/14-image.svg
2996628263463	9040	2564	2701072351123	19f86848af0	Release	0	9	test/switching/14-image.svg
2996628263696	9040	2564	2701072351123	19f86848af0	AddRef	0	10	test/switching/14-image.svg
2996628264657	9040	2564	2701072351123	19f86848af0	SetSite.begin	0	-	null
2996628270750	9040	2564	2701072351123	19f86848af0	SetSite.end	0	0	null
2996628273934	9040	2564	2701072351123	19f86848af0	Release	0	9	test/switching/14-image.svg
2996628275237	9040	2564	2701072351123	19f86848af0	AddRef	0	10	test/switching/14-image.svg
2996628310872	9040	2564	2701072351123	19f86848af0	QueryInterface.begin	0	-	b824b49d
2996628312292	9040	2564	2701072351123	19f86848af0	QueryInterface.end	0	80004002	b824b49d
2996628313282	9040	2564	2701072351123	19f86848af0	Release	0	9	test/switching/14-image.svg
2996628313583	9040	2564	2701072351123	19f86848af0	AddRef	0	10	test/switching/14-image.svg
2996628314432	9040	2564	2701072351123	19f86848af0	QueryInterface.begin	0	-	7f73be3f
2996628314662	9040	2564	2701072351123	19f86848af0	QueryInterface.end	0	80004002	7f73be3f
2996628315022	9040	2564	2701072351123	19f86848af0	Release	0	9	test/switching/14-image.svg
2996628318434	9040	2564	2701072351123	19f86848af0	AddRef	0	10	test/switching/14-image.svg
2996628321055	9040	2564	2701072351123	19f86848af0	Initialize.begin	0	-	test/switching/01-image.png
2996628321250	9040	2564	2701072351123	19f86848af0	Initialize.end	0	0	test/switching/01-image.png
2996628321616	9040	2564	2701072351123	19f86848af0	Release	0	9	test/switching/01-image.png
2996628321843	9040	2564	2701072351123	19f86848af0	AddRef	0	10	test/switching/01-image.png
2996628323754	9040	2564	2701072351123	19f86848af0	SetSite.begin	0	-	site
2996628326059	9040	2564	2701072351123	19f86848af0	SetSite.end	0	0	site
2996628329146	9040	2564	2701072351123	19f86848af0	Release	0	9	test/switching/01-image.png
2996628330377	9040	2564	2701072351123	19f86848af0	AddRef	0	10	test/switching/01-image.png
2996628331864	9040	2564	2701072351123	19f86848af0	SetWindow.begin	0	-	462580
2996628332197	9040	2564	2701072351123	19f86848af0	SetWindow.end	0	0	462580
2996628334514	9040	2564	2701072351123	19f86848af0	QueryInterface.begin	0	-	196bf9a5
2996628336095	9040	2564	2701072351123	19f86848af0	QueryInterface.end	0	80004002	196bf9a5
2996628338131	9040	2564	2701072351123	19f86848af0	Release	0	9	test/switching/01-image.png
2996628338529	9040	2564	2701072351123	19f86848af0	AddRef	0	10	test/switching/01-image.png
2996628339095	9040	2564	2701072351123	19f86848af0	DoPreview.begin	0	-	test/switching/01-image.png
2996628990139	9040	2564	2701072351123	19f86848af0	DoPreview.end	528228	0	test/switching/01-image.png
2996628993389	9040	2564	2701072351123	19f86848af0	Release	528228	9	test/switching/01-image.png
2996628995580	9040	2564	2701072351123	19f86848af0	AddRef	528228	10	test/switching/01-image.png
2996641724500	9040	2564	2701072351123	19f86848af0	Unload.begin	528228	-	test/switching/01-image.png
2996641735003	9040	2564	2701072351123	19f86848af0	Unload.end	0	0	test/switching/01-image.png
2996641735777	9040	2564	2701072351123	19f86848af0	Release	0	9	test/switching/01-image.png
2996641737766	9040	2564	2701072351123	19f86848af0	AddRef	0	10	test/switching/01-image.png
2996641749581	9040	2564	2701072351123	19f86848af0	SetSite.begin	0	-	null
2996641755132	9040	2564	2701072351123	19f86848af0	SetSite.end	0	0	null
2996641757529	9040	2564	2701072351123	19f86848af0	Release	0	9	test/switching/01-image.png
2996641758811	9040	2564	2701072351123	19f86848af0	AddRef	0	10	test/switching/01-image.png
2996642499423	9040	2564	2701072351123	19f86848af0	Release	0	9	test/switching/01-image.png
2996642500545	9040	2564	2701072351123	19f86848af0	Release	0	8	test/switching/01-image.png
2996642500785	9040	2564	2701072351123	19f86848af0	Release	0	7	test/switching/01-image.png
2996642500946	9040	2564	2701072351123	19f86848af0	Release	0	6	test/switching/01-image.png
2996642501042	9040	2564	2701072351123	19f86848af0	Release	0	5	test/switching/01-image.png
2996642501126	9040	2564	2701072351123	19f86848af0	Release	0	4	test/switching/01-image.png
2996642501249	9040	2564	2701072351123	19f86848af0	Release	0	3	test/switching/01-image.png
2996642501818	9040	2564	2701072351123	19f86848af0	Release	0	2	test/switching/01-image.png
2996642501941	9040	2564	2701072351123	19f86848af0	AddRef	0	3	test/switching/01-image.png
2996642502081	9040	2564	2701072351123	19f86848af0	Release	0	2	test/switching/01-image.png
2996642502170	9040	2564	2701072351123	19f86848af0	Release	0	1	test/switching/01-image.png
2996642504653	9040	2564	2701072351123	19f86848af0	Release	0	0	test/switching/01-image.png
2996642508720	9040	2564	2701072351123	19f86848af0	destruct.begin	0	-	test/switching/01-image.png
2996642509006	9040	2564	2701072351123	19f86848af0	Unload.begin	0	-	test/switching/01-image.png
2996642509188	9040	2564	2701072351123	19f86848af0	Unload.end	0	0	test/switching/01-image.png
2996642509364	9040	2564	2701072351123	19f86848af0	destruct.end	0	-	test/switching/01-image.png
2997009770662	70792	70772	2997009766594	2085340e8c0	construct	0	1	-
2997009772278	70792	70772	2997009766594	2085340e8c0	QueryInterface.begin	0	-	8895b1c6
2997009772408	70792	70772	2997009766594	2085340e8c0	AddRef	0	2	-
2997009772470	70792	70772	2997009766594	2085340e8c0	QueryInterface.end	0	0	8895b1c6
2997009772520	70792	70772	2997009766594	2085340e8c0	Release	0	1	-
2997009772599	70792	70772	2997009766594	2085340e8c0	AddRef	0	2	-
2997009772652	70792	70772	2997009766594	2085340e8c0	Release	0	1	-
2997009772740	70792	70772	2997009766594	2085340e8c0	QueryInterface.begin	0	-	8895b1c6
2997009772792	70792	70772	2997009766594	2085340e8c0	AddRef	0	2	-
2997009772841	70792	70772	2997009766594	2085340e8c0	QueryInterface.end	0	0	8895b1c6
2997009772914	70792	70772	2997009766594	2085340e8c0	Release	0	1	-
2997009779543	70792	70772	2997009766594	2085340e8c0	QueryInterface.begin	0	-	ecc8691b
2997009779765	70792	70772	2997009766594	2085340e8c0	QueryInterface.end	0	80004002	ecc8691b
2997009779937	70792	70772	2997009766594	2085340e8c0	QueryInterface.begin	0	-	94ea2b94
2997009779998	70792	70772	2997009766594	2085340e8c0	QueryInterface.end	0	80004002	94ea2b94
2997009780055	70792	70772	2997009766594	2085340e8c0	QueryInterface.begin	0	-	2132b005
2997009780107	70792	70772	2997009766594	2085340e8c0	QueryInterface.end	0	80004002	2132b005
2997009780162	70792	70772	2997009766594	2085340e8c0	QueryInterface.begin	0	-	3
2997009780220	70792	70772	2997009766594	2085340e8c0	QueryInterface.end	0	80004002	3
2997009780282	70792	70772	2997009766594	2085340e8c0	QueryInterface.begin	0	-	1b
2997009780335	70792	70772	2997009766594	2085340e8c0	QueryInterface.end	0	80004002	1b
2997009780390	70792	70772	2997009766594	2085340e8c0	QueryInterface.begin	0	-	0
2997009780834	70792	70772	2997009766594	2085340e8c0	AddRef	0	2	-
2997009780910	70792	70772	2997009766594	2085340e8c0	QueryInterface.end	0	0	0
2997009780989	70792	70772	2997009766594	2085340e8c0	AddRef	0	3	-
2997009781047	70792	70772	2997009766594	2085340e8c0	QueryInterface.begin	0	-	18
2997009781102	70792	70772	2997009766594	2085340e8c0	QueryInterface.end	0	80004002	18
2997009781157	70792	70772	2997009766594	2085340e8c0	QueryInterface.begin	0	-	334d391f
2997009781210	70792	70772	2997009766594	2085340e8c0	QueryInterface.end	0	80004002	334d391f
2997009781265	70792	70772	2997009766594	2085340e8c0	QueryInterface.begin	0	-	40
2997009781318	70792	70772	2997009766594	2085340e8c0	QueryInterface.end	0	80004002	40
2997009781374	70792	70772	2997009766594	2085340e8c0	QueryInterface.begin	0	-	334d391f
2997009781427	70792	70772	2997009766594	2085340e8c0	QueryInterface.end	0	80004002	334d391f
2997009781480	70792	70772	2997009766594	2085340e8c0	QueryInterface.begin	0	-	94ea2b94
2997009781533	70792	70772	2997009766594	2085340e8c0	QueryInterface.end	0	80004002	94ea2b94
2997009781586	70792	70772	2997009766594	2085340e8c0	QueryInterface.begin	0	-	334d391f
2997009781637	70792	70772	2997009766594	2085340e8c0	QueryInterface.end	0	80004002	334d391f
2997009781689	70792	70772	2997009766594	2085340e8c0	QueryInterface.begin	0	-	77dd1250
2997009781740	70792	70772	2997009766594	2085340e8c0	QueryInterface.end	0	80004002	77dd1250
2997009781793	70792	70772	2997009766594	2085340e8c0	QueryInterface.begin	0	-	334d391f
2997009781845	70792	70772	2997009766594	2085340e8c0	QueryInterface.end	0	80004002	334d391f
2997009781898	70792	70772	2997009766594	2085340e8c0	QueryInterface.begin	0	-	bfd60505
2997009781950	70792	70772	2997009766594	2085340e8c0	QueryInterface.end	0	80004002	bfd60505
2997009782004	70792	70772	2997009766594	2085340e8c0	QueryInterface.begin	0	-	334d391f
2997009782056	70792	70772	2997009766594	2085340e8c0	QueryInterface.end	0	80004002	334d391f
2997009782107	70792	70772	2997009766594	2085340e8c0	QueryInterface.begin	0	-	143715d9
2997009782158	70792	70772	2997009766594	2085340e8c0	QueryInterface.end	0	80004002	143715d9
2997009782215	70792	70772	2997009766594	2085340e8c0	QueryInterface.begin	0	-	a914f499
2997009782267	70792	70772	2997009766594	2085340e8c0	QueryInterface.end	0	80004002	a914f499
2997009782319	70792	70772	2997009766594	2085340e8c0	QueryInterface.begin	0	-	ea5d0de4
2997009782370	70792	70772	2997009766594	2085340e8c0	QueryInterface.end	0	80004002	ea5d0de4
2997009782422	70792	70772	2997009766594	2085340e8c0	QueryInterface.begin	0	-	816e5b3e
2997009782473	70792	70772	2997009766594	2085340e8c0	QueryInterface.end	0	80004002	816e5b3e
2997009782525	70792	70772	2997009766594	2085340e8c0	QueryInterface.begin	0	-	3c169ff7
2997009782576	70792	70772	2997009766594	2085340e8c0	QueryInterface.end	0	80004002	3c169ff7
2997009782627	70792	70772	2997009766594	2085340e8c0	QueryInterface.begin	0	-	4f4f92b5
2997009782679	70792	70772	2997009766594	2085340e8c0	QueryInterface.end	0	80004002	4f4f92b5
2997009782730	70792	70772	2997009766594	2085340e8c0	QueryInterface.begin	0	-	9bc79c93
2997009782781	70792	70772	2997009766594	2085340e8c0	QueryInterface.end	0	80004002	9bc79c93
2997009782833	70792	70772	2997009766594	2085340e8c0	QueryInterface.begin	0	-	1868091e
2997009782884	70792	70772	2997009766594	2085340e8c0	QueryInterface.end	0	80004002	1868091e
2997009782936	70792	70772	2997009766594	2085340e8c0	QueryInterface.begin	0	-	11456f96
2997009782987	70792	70772	2997009766594	2085340e8c0	QueryInterface.end	0	80004002	11456f96
2997009783039	70792	70772	2997009766594	2085340e8c0	QueryInterface.begin	0	-	1ac7516e
2997009783090	70792	70772	2997009766594	2085340e8c0	QueryInterface.end	0	80004002	1ac7516e
2997009783142	70792	70772	2997009766594	2085340e8c0	QueryInterface.begin	0	-	35bd3360
2997009783193	70792	70772	2997009766594	2085340e8c0	QueryInterface.end	0	80004002	35bd3360
2997009783245	70792	70772	2997009766594	2085340e8c0	QueryInterface.begin	0	-	f2153260
2997009783297	70792	70772	2997009766594	2085340e8c0	QueryInterface.end	0	80004002	f2153260
2997009783363	70792	70772	2997009766594	2085340e8c0	QueryInterface.begin	0	-	334d391f
2997009783548	70792	70772	2997009766594	2085340e8c0	QueryInterface.end	0	80004002	334d391f
2997009783610	70792	70772	2997009766594	2085340e8c0	QueryInterface.begin	0	-	3fb5c57
2997009783663	70792	70772	2997009766594	2085340e8c0	QueryInterface.end	0	80004002	3fb5c57
2997009783717	70792	70772	2997009766594	2085340e8c0	QueryInterface.begin	0	-	334d391f
2997009783768	70792	70772	2997009766594	2085340e8c0	QueryInterface.end	0	80004002	334d391f
2997009783821	70792	70772	2997009766594	2085340e8c0	QueryInterface.begin	0	-	2c258ae7
2997009783873	70792	70772	2997009766594	2085340e8c0	QueryInterface.end	0	80004002	2c258ae7
2997009783925	70792	70772	2997009766594	2085340e8c0	QueryInterface.begin	0	-	19
2997009783978	70792	70772	2997009766594	2085340e8c0	QueryInterface.end	0	80004002	19
2997009784031	70792	70772	2997009766594	2085340e8c0	QueryInterface.begin	0	-	4c1e39e1
2997009784082	70792	70772	2997009766594	2085340e8c0	QueryInterface.end	0	80004002	4c1e39e1
2997009784173	70792	70772	2997009766594	2085340e8c0	Release	0	2	-
2997009784314	70792	70772	2997009766594	2085340e8c0	AddRef	0	3	-
2997009784370	70792	70772	2997009766594	2085340e8c0	Release	0	2	-
2997009784486	70792	70772	2997009766594	2085340e8c0	AddRef	0	3	-
2997009784546	70792	70772	2997009766594	2085340e8c0	AddRef	0	4	-
2997009785989	70792	70772	2997009766594	2085340e8c0	QueryInterface.begin	0	-	8895b1c6
2997009786152	70792	70772	2997009766594	2085340e8c0	AddRef	0	5	-
2997009786211	70792	70772	2997009766594	2085340e8c0	QueryInterface.end	0	0	8895b1c6
2997009815205	70792	70772	2997009766594	2085340e8c0	QueryInterface.begin	0	-	8895b1c6
2997009815374	70792	70772	2997009766594	2085340e8c0	AddRef	0	6	-
2997009815436	70792	70772	2997009766594	2085340e8c0	QueryInterface.end	0	0	8895b1c6
2997009815975	70792	70772	2997009766594	2085340e8c0	Release	0	5	-
2997009816052	70792	70772	2997009766594	2085340e8c0	AddRef	0	6	-
2997009817425	70792	70772	2997009766594	2085340e8c0	Release	0	5	-
2997009817725	70792	70772	2997009766594	2085340e8c0	AddRef	0	6	-
2997009825787	70792	70772	2997009766594	2085340e8c0	QueryInterface.begin	0	-	b824b49d
2997009825938	70792	70772	2997009766594	2085340e8c0	QueryInterface.end	0	80004002	b824b49d
2997009826195	70792	70772	2997009766594	2085340e8c0	Release	0	5	-
2997009826361	70792	70772	2997009766594	2085340e8c0	AddRef	0	6	-
2997009827413	70792	70772	2997009766594	2085340e8c0	QueryInterface.begin	0	-	7f73be3f
2997009827565	70792	70772	2997009766594	2085340e8c0	QueryInterface.end	0	80004002	7f73be3f
2997009827881	70792	70772	2997009766594	2085340e8c0	Release	0	5	-
2997009827994	70792	70772	2997009766594	2085340e8c0	AddRef	0	6	-
2997009829287	70792	70772	2997009766594	2085340e8c0	QueryInterface.begin	0	-	b7d14566
2997009829399	70792	70772	2997009766594	2085340e8c0	AddRef	0	7	-
2997009829459	70792	70772	2997009766594	2085340e8c0	QueryInterface.end	0	0	b7d14566
2997009852940	70792	70772	2997009766594	2085340e8c0	QueryInterface.begin	0	-	b7d14566
2997009853077	70792	70772	2997009766594	2085340e8c0	AddRef	0	8	-
2997009853135	70792	70772	2997009766594	2085340e8c0	QueryInterface.end	0	0	b7d14566
2997009853793	70792	70772	2997009766594	2085340e8c0	Release	0	7	-
2997009853890	70792	70772	2997009766594	2085340e8c0	AddRef	0	8	-
2997009858955	70792	70772	2997009766594	2085340e8c0	QueryInterface.begin	0	-	1c733a30
2997009859100	70792	70772	2997009766594	2085340e8c0	QueryInterface.end	0	80004002	1c733a30
2997009859252	70792	70772	2997009766594	2085340e8c0	Initialize.begin	0	-	test/switching/01-image.png
2997009859320	70792	70772	2997009766594	2085340e8c0	Initialize.end	0	0	test/switching/01-image.png
2997009859542	70792	70772	2997009766594	2085340e8c0	Release	0	7	test/switching/01-image.png
2997009859781	70792	70772	2997009766594	2085340e8c0	AddRef	0	8	test/switching/01-image.png
2997009862112	70792	70772	2997009766594	2085340e8c0	QueryInterface.begin	0	-	fc4801a3
2997009863861	70792	70772	2997009766594	2085340e8c0	AddRef	0	9	test/switching/01-image.png
2997009863957	70792	70772	2997009766594	2085340e8c0	QueryInterface.end	0	0	fc4801a3
2997009870584	70792	70772	2997009766594	2085340e8c0	QueryInterface.begin	0	-	fc4801a3
2997009870702	70792	70772	2997009766594	2085340e8c0	AddRef	0	10	test/switching/01-image.png
2997009872512	70792	70772	2997009766594	2085340e8c0	QueryInterface.end	0	0	fc4801a3
2997009873013	70792	70772	2997009766594	2085340e8c0	Release	0	9	test/switching/01-image.png
2997009873191	70792	70772	2997009766594	2085340e8c0	AddRef	0	10	test/switching/01-image.png
2997009874443	70792	70772	2997009766594	2085340e8c0	QueryInterface.begin	0	-	1c733a30
2997009875557	70792	70772	2997009766594	2085340e8c0	QueryInterface.end	0	80004002	1c733a30
2997009876784	70792	70772	2997009766594	2085340e8c0	SetSite.begin	0	-	site
2997009876911	70792	70772	2997009766594	2085340e8c0	SetSite.end	0	0	site
2997009877296	70792	70772	2997009766594	2085340e8c0	Release	0	9	test/switching/01-image.png
2997009877380	70792	70772	2997009766594	2085340e8c0	AddRef	0	10	test/switching/01-image.png
2997009879657	70792	70772	2997009766594	2085340e8c0	QueryInterface.begin	0	-	1c733a30
2997009879828	70792	70772	2997009766594	2085340e8c0	QueryInterface.end	0	80004002	1c733a30
2997009879979	70792	70772	2997009766594	2085340e8c0	SetWindow.begin	0	-	5114576
2997009880036	70792	70772	2997009766594	2085340e8c0	SetWindow.end	0	0	5114576
2997009880290	70792	70772	2997009766594	2085340e8c0	Release	0	9	test/switching/01-image.png
2997009880456	70792	70772	2997009766594	2085340e8c0	AddRef	0	10	test/switching/01-image.png
2997009881037	70792	70772	2997009766594	2085340e8c0	QueryInterface.begin	0	-	196bf9a5
2997009881176	70792	70772	2997009766594	2085340e8c0	QueryInterface.end	0	80004002	196bf9a5
2997009881417	70792	70772	2997009766594	2085340e8c0	Release	0	9	test/switching/01-image.png
2997009881504	70792	70772	2997009766594	2085340e8c0	AddRef	0	10	test/switching/01-image.png
2997009881987	70792	70772	2997009766594	2085340e8c0	DoPreview.begin	0	-	test/switching/01-image.png
2997010503172	70792	70772	2997009766594	2085340e8c0	DoPreview.end	1641786	0	test/switching/01-image.png
2997010504789	70792	70772	2997009766594	2085340e8c0	Release	1641786	9	test/switching/01-image.png
2997010505008	70792	70772	2997009766594	2085340e8c0	AddRef	1641786	10	test/switching/01-image.png
2997010549913	70792	70772	2997009766594	2085340e8c0	SetRect.begin	1641786	-	test/switching/01-image.png
2997010756899	70792	70772	2997009766594	2085340e8c0	SetRect.end	1641786	0	test/switching/01-image.png
2997010759146	70792	70772	2997009766594	2085340e8c0	Release	1641786	9	test/switching/01-image.png
2997010759368	70792	70772	2997009766594	2085340e8c0	AddRef	1641786	10	test/switching/01-image.png
2997070214152	70792	70772	2997009766594	2085340e8c0	Unload.begin	1641786	-	test/switching/01-image.png
2997070219112	70792	70772	2997009766594	2085340e8c0	Unload.end	0	0	test/switching/01-image.png
2997070219596	70792	70772	2997009766594	2085340e8c0	Release	0	9	test/switching/01-image.png
2997070219796	70792	70772	2997009766594	2085340e8c0	AddRef	0	10	test/switching/01-image.png
2997070221008	70792	70772	2997009766594	2085340e8c0	SetSite.begin	0	-	null
2997070227204	70792	70772	2997009766594	2085340e8c0	SetSite.end	0	0	null
2997070227598	70792	70772	2997009766594	2085340e8c0	Release	0	9	test/switching/01-image.png
2997070227764	70792	70772	2997009766594	2085340e8c0	AddRef	0	10	test/switching/01-image.png
2997070359392	70792	70772	2997009766594	2085340e8c0	QueryInterface.begin	0	-	b824b49d
2997070360550	70792	70772	2997009766594	2085340e8c0	QueryInterface.end	0	80004002	b824b49d
2997070361140	70792	70772	2997009766594	2085340e8c0	Release	0	9	test/switching/01-image.png
2997070362798	70792	70772	2997009766594	2085340e8c0	AddRef	0	10	test/switching/01-image.png
2997070365195	70792	70772	2997009766594	2085340e8c0	QueryInterface.begin	0	-	7f73be3f
2997070366194	70792	70772	2997009766594	2085340e8c0	QueryInterface.end	0	80004002	7f73be3f
2997070366672	70792	70772	2997009766594	2085340e8c0	Release	0	9	test/switching/01-image.png
2997070366847	70792	70772	2997009766594	2085340e8c0	AddRef	0	10	test/switching/01-image.png
2997070368850	70792	70772	2997009766594	2085340e8c0	Initialize.begin	0	-	test/switching/02-archive.zip
2997070368972	70792	70772	2997009766594	2085340e8c0	Initialize.end	0	0	test/switching/02-archive.zip
2997070369539	70792	70772	2997009766594	2085340e8c0	Release	0	9	test/switching/02-archive.zip
2997070369663	70792	70772	2997009766594	2085340e8c0	AddRef	0	10	test/switching/02-archive.zip
2997070371605	70792	70772	2997009766594	2085340e8c0	SetSite.begin	0	-	site
2997070371765	70792	70772	2997009766594	2085340e8c0	SetSite.end	0	0	site
2997070372035	70792	70772	2997009766594	2085340e8c0	Release	0	9	test/switching/02-archive.zip
2997070372209	70792	70772	2997009766594	2085340e8c0	AddRef	0	10	test/switching/02-archive.zip
2997070373172	70792	70772	2997009766594	2085340e8c0	SetWindow.begin	0	-	5114576
2997070373280	70792	70772	2997009766594	2085340e8c0	SetWindow.end	0	0	5114576
2997070373531	70792	70772	2997009766594	2085340e8c0	Release	0	9	test/switching/02-archive.zip
2997070373633	70792	70772	2997009766594	2085340e8c0	AddRef	0	10	test/switching/02-archive.zip
2997070374192	70792	70772	2997009766594	2085340e8c0	QueryInterface.begin	0	-	196bf9a5
2997070374377	70792	70772	2997009766594	2085340e8c0	QueryInterface.end	0	80004002	196bf9a5
2997070374685	70792	70772	2997009766594	2085340e8c0	Release	0	9	test/switching/02-archive.zip
2997070374787	70792	70772	2997009766594	2085340e8c0	AddRef	0	10	test/switching/02-archive.zip
2997070375281	70792	70772	2997009766594	2085340e8c0	DoPreview.begin	0	-	test/switching/02-archive.zip
2997070559901	70792	70772	2997009766594	2085340e8c0	DoPreview.end	1117392	0	test/switching/02-archive.zip
2997070562038	70792	70772	2997009766594	2085340e8c0	Release	1117392	9	test/switching/02-archive.zip
2997070563600	70792	70772	2997009766594	2085340e8c0	AddRef	1117392	10	test/switching/02-archive.zip
2997092439323	70792	70772	2997009766594	2085340e8c0	Unload.begin	1117392	-	test/switching/02-archive.zip
2997092446046	70792	70772	2997009766594	2085340e8c0	Unload.end	0	0	test/switching/02-archive.zip
2997092446712	70792	70772	2997009766594	2085340e8c0	Release	0	9	test/switching/02-archive.zip
2997092448552	70792	70772	2997009766594	2085340e8c0	AddRef	0	10	test/switching/02-archive.zip
2997092453377	70792	70772	2997009766594	2085340e8c0	SetSite.begin	0	-	null
2997092457337	70792	70772	2997009766594	2085340e8c0	SetSite.end	0	0	null
2997092457718	70792	70772	2997009766594	2085340e8c0	Release	0	9	test/switching/02-archive.zip
2997092457906	70792	70772	2997009766594	2085340e8c0	AddRef	0	10	test/switching/02-archive.zip
2997092558434	70792	70772	2997009766594	2085340e8c0	QueryInterface.begin	0	-	b824b49d
2997092558722	70792	70772	2997009766594	2085340e8c0	QueryInterface.end	0	80004002	b824b49d
2997092559100	70792	70772	2997009766594	2085340e8c0	Release	0	9	test/switching/02-archive.zip
2997092560745	70792	70772	2997009766594	2085340e8c0	AddRef	0	10	test/switching/02-archive.zip
2997092561091	70792	70772	2997009766594	2085340e8c0	QueryInterface.begin	0	-	7f73be3f
2997092561202	70792	70772	2997009766594	2085340e8c0	QueryInterface.end	0	80004002	7f73be3f
2997092561638	70792	70772	2997009766594	2085340e8c0	Release	0	9	test/switching/02-archive.zip
2997092561746	70792	70772	2997009766594	2085340e8c0	AddRef	0	10	test/switching/02-archive.zip
2997092563642	70792	70772	2997009766594	2085340e8c0	Initialize.begin	0	-	test/switching/14-image.svg
2997092563817	70792	70772	2997009766594	2085340e8c0	Initialize.end	0	0	test/switching/14-image.svg
2997092564159	70792	70772	2997009766594	2085340e8c0	Release	0	9	test/switching/14-image.svg
2997092564312	70792	70772	2997009766594	2085340e8c0	AddRef	0	10	test/switching/14-image.svg
2997092565667	70792	70772	2997009766594	2085340e8c0	SetSite.begin	0	-	site
2997092566236	70792	70772	2997009766594	2085340e8c0	SetSite.end	0	0	site
2997092566468	70792	70772	2997009766594	2085340e8c0	Release	0	9	test/switching/14-image.svg
2997092566581	70792	70772	2997009766594	2085340e8c0	AddRef	0	10	test/switching/14-image.svg
2997092567501	70792	70772	2997009766594	2085340e8c0	SetWindow.begin	0	-	5114576
2997092569127	70792	70772	2997009766594	2085340e8c0	SetWindow.end	0	0	5114576
2997092569363	70792	70772	2997009766594	2085340e8c0	Release	0	9	test/switching/14-image.svg
2997092569459	70792	70772	2997009766594	2085340e8c0	AddRef	0	10	test/switching/14-image.svg
2997092570207	70792	70772	2997009766594	2085340e8c0	QueryInterface.begin	0	-	196bf9a5
2997092571650	70792	70772	2997009766594	2085340e8c0	QueryInterface.end	0	80004002	196bf9a5
2997092572188	70792	70772	2997009766594	2085340e8c0	Release	0	9	test/switching/14-image.svg
2997092572285	70792	70772	2997009766594	2085340e8c0	AddRef	0	10	test/switching/14-image.svg
2997092574151	70792	70772	2997009766594	2085340e8c0	DoPreview.begin	0	-	test/switching/14-image.svg
2997093136602	70792	70772	2997009766594	2085340e8c0	DoPreview.end	4262868	0	test/switching/14-image.svg
2997093137751	70792	70772	2997009766594	2085340e8c0	Release	4262868	9	test/switching/14-image.svg
2997093137957	70792	70772	2997009766594	2085340e8c0	AddRef	4262868	10	test/switching/14-image.svg
2997094606407	70792	70772	2997009766594	2085340e8c0	Unload.begin	4262868	-	test/switching/14-image.svg
2997094611031	70792	70772	2997009766594	2085340e8c0	Unload.end	0	0	test/switching/14-image.svg
2997094611538	70792	70772	2997009766594	2085340e8c0	Release	0	9	test/switching/14-image.svg
2997094611628	70792	70772	2997009766594	2085340e8c0	AddRef	0	10	test/switching/14-image.svg
2997094613711	70792	70772	2997009766594	2085340e8c0	SetSite.begin	0	-	null
2997094615352	70792	70772	2997009766594	2085340e8c0	SetSite.end	0	0	null
2997094615689	70792	70772	2997009766594	2085340e8c0	Release	0	9	test/switching/14-image.svg
2997094615797	70792	70772	2997009766594	2085340e8c0	AddRef	0	10	test/switching/14-image.svg
2997094757805	70792	70772	2997009766594	2085340e8c0	QueryInterface.begin	0	-	b824b49d
2997094758897	70792	70772	2997009766594	2085340e8c0	QueryInterface.end	0	80004002	b824b49d
2997094759297	70792	70772	2997009766594	2085340e8c0	Release	0	9	test/switching/14-image.svg
2997094759500	70792	70772	2997009766594	2085340e8c0	AddRef	0	10	test/switching/14-image.svg
2997094759863	70792	70772	2997009766594	2085340e8c0	QueryInterface.begin	0	-	7f73be3f
2997094761433	70792	70772	2997009766594	2085340e8c0	QueryInterface.end	0	80004002	7f73be3f
2997094761881	70792	70772	2997009766594	2085340e8c0	Release	0	9	test/switching/14-image.svg
2997094762070	70792	70772	2997009766594	2085340e8c0	AddRef	0	10	test/switching/14-image.svg
2997094762737	70792	70772	2997009766594	2085340e8c0	Initialize.begin	0	-	test/switching/15-image.gif
2997094764218	70792	70772	2997009766594	2085340e8c0	Initialize.end	0	0	test/switching/15-image.gif
2997094764431	70792	70772	2997009766594	2085340e8c0	Release	0	9	test/switching/15-image.gif
2997094764555	70792	70772	2997009766594	2085340e8c0	AddRef	0	10	test/switching/15-image.gif
2997094765858	70792	70772	2997009766594	2085340e8c0	SetSite.begin	0	-	site
2997094766559	70792	70772	2997009766594	2085340e8c0	SetSite.end	0	0	site
2997094766797	70792	70772	2997009766594	2085340e8c0	Release	0	9	test/switching/15-image.gif
2997094766897	70792	70772	2997009766594	2085340e8c0	AddRef	0	10	test/switching/15-image.gif
2997094767725	70792	70772	2997009766594	2085340e8c0	SetWindow.begin	0	-	5114576
2997094768954	70792	70772	2997009766594	2085340e8c0	SetWindow.end	0	0	5114576
2997094769300	70792	70772	2997009766594	2085340e8c0	Release	0	9	test/switching/15-image.gif
2997094769398	70792	70772	2997009766594	2085340e8c0	AddRef	0	10	test/switching/15-image.gif
2997094769787	70792	70772	2997009766594	2085340e8c0	QueryInterface.begin	0	-	196bf9a5
2997094771366	70792	70772	2997009766594	2085340e8c0	QueryInterface.end	0	80004002	196bf9a5
2997094771611	70792	70772	2997009766594	2085340e8c0	Release	0	9	test/switching/15-image.gif
2997094771709	70792	70772	2997009766594	2085340e8c0	AddRef	0	10	test/switching/15-image.gif
2997094772549	70792	70772	2997009766594	2085340e8c0	DoPreview.begin	0	-	test/switching/15-image.gif
2997095205514	70792	70772	2997009766594	2085340e8c0	DoPreview.end	1510378	0	test/switching/15-image.gif
2997095206306	70792	70772	2997009766594	2085340e8c0	Release	1510378	9	test/switching/15-image.gif
2997095207624	70792	70772	2997009766594	2085340e8c0	AddRef	1510378	10	test/switching/15-image.gif
2997098614532	70792	70772	2997009766594	2085340e8c0	Unload.begin	1510378	-	test/switching/15-image.gif
2997098619232	70792	70772	2997009766594	2085340e8c0	Unload.end	0	0	test/switching/15-image.gif
2997098619612	70792	70772	2997009766594	2085340e8c0	Release	0	9	test/switching/15-image.gif
2997098619807	70792	70772	2997009766594	2085340e8c0	AddRef	0	10	test/switching/15-image.gif
2997098620620	70792	70772	2997009766594	2085340e8c0	SetSite.begin	0	-	null
2997098622165	70792	70772	2997009766594	2085340e8c0	SetSite.end	0	0	null
2997098622498	70792	70772	2997009766594	2085340e8c0	Release	0	9	test/switching/15-image.gif
2997098622712	70792	70772	2997009766594	2085340e8c0	AddRef	0	10	test/switching/15-image.gif
2997098642364	70792	70772	2997009766594	2085340e8c0	QueryInterface.begin	0	-	b824b49d
2997098642571	70792	70772	2997009766594	2085340e8c0	QueryInterface.end	0	80004002	b824b49d
2997098642904	70792	70772	2997009766594	2085340e8c0	Release	0	9	test/switching/15-image.gif
2997098643076	70792	70772	2997009766594	2085340e8c0	AddRef	0	10	test/switching/15-image.gif
2997098643819	70792	70772	2997009766594	2085340e8c0	QueryInterface.begin	0	-	7f73be3f
2997098643924	70792	70772	2997009766594	2085340e8c0	QueryInterface.end	0	80004002	7f73be3f
2997098644229	70792	70772	2997009766594	2085340e8c0	Release	0	9	test/switching/15-image.gif
2997098644401	70792	70772	2997009766594	2085340e8c0	AddRef	0	10	test/switching/15-image.gif
2997098646918	70792	70772	2997009766594	2085340e8c0	Initialize.begin	0	-	test/switching/14-image.svg
2997098647092	70792	70772	2997009766594	2085340e8c0	Initialize.end	0	0	test/switching/14-image.svg
2997098647356	70792	70772	2997009766594	2085340e8c0	Release	0	9	test/switching/14-image.svg
2997098647433	70792	70772	2997009766594	2085340e8c0	AddRef	0	10	test/switching/14-image.svg
2997098648667	70792	70772	2997009766594	2085340e8c0	SetSite.begin	0	-	site
2997098648837	70792	70772	2997009766594	2085340e8c0	SetSite.end	0	0	site
2997098649115	70792	70772	2997009766594	2085340e8c0	Release	0	9	test/switching/14-image.svg
2997098649286	70792	70772	2997009766594	2085340e8c0	AddRef	0	10	test/switching/14-image.svg
2997098650134	70792	70772	2997009766594	2085340e8c0	SetWindow.begin	0	-	5114576
2997098650237	70792	70772	2997009766594	2085340e8c0	SetWindow.end	0	0	5114576
2997098650494	70792	70772	2997009766594	2085340e8c0	Release	0	9	test/switching/14-image.svg
2997098650704	70792	70772	2997009766594	2085340e8c0	AddRef	0	10	test/switching/14-image.svg
2997098651368	70792	70772	2997009766594	2085340e8c0	QueryInterface.begin	0	-	196bf9a5
2997098651481	70792	70772	2997009766594	2085340e8c0	QueryInterface.end	0	80004002	196bf9a5
2997098651785	70792	70772	2997009766594	2085340e8c0	Release	0	9	test/switching/14-image.svg
2997098651891	70792	70772	2997009766594	2085340e8c0	AddRef	0	10	test/switching/14-image.svg
2997098652496	70792	70772	2997009766594	2085340e8c0	DoPreview.begin	0	-	test/switching/14-image.svg
2997099347248	70792	70772	2997009766594	2085340e8c0	DoPreview.end	11993208	0	test/switching/14-image.svg
2997099348013	70792	70772	2997009766594	2085340e8c0	Release	11993208	9	test/switching/14-image.svg
2997099348204	70792	70772	2997009766594	2085340e8c0	AddRef	11993208	10	test/switching/14-image.svg
2997121183788	70792	70772	2997009766594	2085340e8c0	Unload.begin	11993208	-	test/switching/14-image.svg
2997121187977	70792	70772	2997009766594	2085340e8c0	Unload.end	0	0	test/switching/14-image.svg
2997121188819	70792	70772	2997009766594	2085340e8c0	Release	0	9	test/switching/14-image.svg
2997121188987	70792	70772	2997009766594	2085340e8c0	AddRef	0	10	test/switching/14-image.svg
2997121190543	70792	70772	2997009766594	2085340e8c0	SetSite.begin	0	-	null
2997121193835	70792	70772	2997009766594	2085340e8c0	SetSite.end	0	0	null
2997121194773	70792	70772	2997009766594	2085340e8c0	Release	0	9	test/switching/14-image.svg
2997121194966	70792	70772	2997009766594	2085340e8c0	AddRef	0	10	test/switching/14-image.svg
2997121354938	70792	70772	2997009766594	2085340e8c0	QueryInterface.begin	0	-	b824b49d
2997121357140	70792	70772	2997009766594	2085340e8c0	QueryInterface.end	0	80004002	b824b49d
2997121357639	70792	70772	2997009766594	2085340e8c0	Release	0	9	test/switching/14-image.svg
2997121358031	70792	70772	2997009766594	2085340e8c0	AddRef	0	10	test/switching/14-image.svg
2997121359899	70792	70772	2997009766594	2085340e8c0	QueryInterface.begin	0	-	7f73be3f
2997121359988	70792	70772	2997009766594	2085340e8c0	QueryInterface.end	0	80004002	7f73be3f
2997121360652	70792	70772	2997009766594	2085340e8c0	Release	0	9	test/switching/14-image.svg
2997121360845	70792	70772	2997009766594	2085340e8c0	AddRef	0	10	test/switching/14-image.svg
2997121361728	70792	70772	2997009766594	2085340e8c0	Initialize.begin	0	-	test/switching/01-image.png
2997121363055	70792	70772	2997009766594	2085340e8c0	Initialize.end	0	0	test/switching/01-image.png
2997121363414	70792	70772	2997009766594	2085340e8c0	Release	0	9	test/switching/01-image.png
2997121363602	70792	70772	2997009766594	2085340e8c0	AddRef	0	10	test/switching/01-image.png
2997121366009	70792	70772	2997009766594	2085340e8c0	SetSite.begin	0	-	site
2997121368171	70792	70772	2997009766594	2085340e8c0	SetSite.end	0	0	site
2997121368635	70792	70772	2997009766594	2085340e8c0	Release	0	9	test/switching/01-image.png
2997121368948	70792	70772	2997009766594	2085340e8c0	AddRef	0	10	test/switching/01-image.png
2997121370102	70792	70772	2997009766594	2085340e8c0	SetWindow.begin	0	-	5114576
2997121370342	70792	70772	2997009766594	2085340e8c0	SetWindow.end	0	0	5114576
2997121370678	70792	70772	2997009766594	2085340e8c0	Release	0	9	test/switching/01-image.png
2997121370792	70792	70772	2997009766594	2085340e8c0	AddRef	0	10	test/switching/01-image.png
2997121371399	70792	70772	2997009766594	2085340e8c0	QueryInterface.begin	0	-	196bf9a5
2997121372809	70792	70772	2997009766594	2085340e8c0	QueryInterface.end	0	80004002	196bf9a5
2997121373114	70792	70772	2997009766594	2085340e8c0	Release	0	9	test/switching/01-image.png
2997121373241	70792	70772	2997009766594	2085340e8c0	AddRef	0	10	test/switching/01-image.png
2997121373862	70792	70772	2997009766594	2085340e8c0	DoPreview.begin	0	-	test/switching/01-image.png
2997121947143	70792	70772	2997009766594	2085340e8c0	DoPreview.end	920980	0	test/switching/01-image.png
2997121949517	70792	70772	2997009766594	2085340e8c0	Release	920980	9	test/switching/01-image.png
2997121951005	70792	70772	2997009766594	2085340e8c0	AddRef	920980	10	test/switching/01-image.png
2997132683402	70792	70772	2997009766594	2085340e8c0	Unload.begin	920980	-	test/switching/01-image.png
2997132701758	70792	70772	2997009766594	2085340e8c0	Unload.end	0	0	test/switching/01-image.png
2997132703106	70792	70772	2997009766594	2085340e8c0	Release	0	9	test/switching/01-image.png
2997132703344	70792	70772	2997009766594	2085340e8c0	AddRef	0	10	test/switching/01-image.png
2997132707013	70792	70772	2997009766594	2085340e8c0	SetSite.begin	0	-	null
2997132713183	70792	70772	2997009766594	2085340e8c0	SetSite.end	0	0	null
2997132713655	70792	70772	2997009766594	2085340e8c0	Release	0	9	test/switching/01-image.png
2997132715668	70792	70772	2997009766594	2085340e8c0	AddRef	0	10	test/switching/01-image.png
2997133048497	70792	70772	2997009766594	2085340e8c0	Release	0	9	test/switching/01-image.png
2997133050393	70792	70772	2997009766594	2085340e8c0	Release	0	8	test/switching/01-image.png
2997133050539	70792	70772	2997009766594	2085340e8c0	Release	0	7	test/switching/01-image.png
2997133050607	70792	70772	2997009766594	2085340e8c0	Release	0	6	test/switching/01-image.png
2997133050671	70792	70772	2997009766594	2085340e8c0	Release	0	5	test/switching/01-image.png
2997133050733	70792	70772	2997009766594	2085340e8c0	Release	0	4	test/switching/01-image.png
2997133050809	70792	70772	2997009766594	2085340e8c0	Release	0	3	test/switching/01-image.png
2997133051488	70792	70772	2997009766594	2085340e8c0	Release	0	2	test/switching/01-image.png
2997133053940	70792	70772	2997009766594	2085340e8c0	AddRef	0	3	test/switching/01-image.png
2997133054311	70792	70772	2997009766594	2085340e8c0	Release	0	2	test/switching/01-image.png
2997133054493	70792	70772	2997009766594	2085340e8c0	Release	0	1	test/switching/01-image.png
2997133054559	70792	70772	2997009766594	2085340e8c0	Release	0	0	test/switching/01-image.png
2997133054744	70792	70772	2997009766594	2085340e8c0	destruct.begin	0	-	test/switching/01-image.png
2997133054832	70792	70772	2997009766594	2085340e8c0	Unload.begin	0	-	test/switching/01-image.png
2997133054887	70792	70772	2997009766594	2085340e8c0	Unload.end	0	0	test/switching/01-image.png
2997133054938	70792	70772	2997009766594	2085340e8c0	destruct.end	0	-	test/switching/01-image.png
2997214774871	68124	62664	2997214770862	2b533d83410	construct	0	1	-
2997214776219	68124	62664	2997214770862	2b533d83410	QueryInterface.begin	0	-	8895b1c6
2997214776327	68124	62664	2997214770862	2b533d83410	AddRef	0	2	-
2997214776391	68124	62664	2997214770862	2b533d83410	QueryInterface.end	0	0	8895b1c6
2997214776446	68124	62664	2997214770862	2b533d83410	Release	0	1	-
2997214776518	68124	62664	2997214770862	2b533d83410	AddRef	0	2	-
2997214776569	68124	62664	2997214770862	2b533d83410	Release	0	1	-
2997214776646	68124	62664	2997214770862	2b533d83410	QueryInterface.begin	0	-	8895b1c6
2997214776695	68124	62664	2997214770862	2b533d83410	AddRef	0	2	-
2997214776744	68124	62664	2997214770862	2b533d83410	QueryInterface.end	0	0	8895b1c6
2997214776802	68124	62664	2997214770862	2b533d83410	Release	0	1	-
2997214782529	68124	62664	2997214770862	2b533d83410	QueryInterface.begin	0	-	ecc8691b
2997214782721	68124	62664	2997214770862	2b533d83410	QueryInterface.end	0	80004002	ecc8691b
2997214782867	68124	62664	2997214770862	2b533d83410	QueryInterface.begin	0	-	94ea2b94
2997214782921	68124	62664	2997214770862	2b533d83410	QueryInterface.end	0	80004002	94ea2b94
2997214782975	68124	62664	2997214770862	2b533d83410	QueryInterface.begin	0	-	2132b005
2997214783025	68124	62664	2997214770862	2b533d83410	QueryInterface.end	0	80004002	2132b005
2997214783078	68124	62664	2997214770862	2b533d83410	QueryInterface.begin	0	-	3
2997214783129	68124	62664	2997214770862	2b533d83410	QueryInterface.end	0	80004002	3
2997214783194	68124	62664	2997214770862	2b533d83410	QueryInterface.begin	0	-	1b
2997214783244	68124	62664	2997214770862	2b533d83410	QueryInterface.end	0	80004002	1b
2997214783296	68124	62664	2997214770862	2b533d83410	QueryInterface.begin	0	-	0
2997214783345	68124	62664	2997214770862	2b533d83410	AddRef	0	2	-
2997214783398	68124	62664	2997214770862	2b533d83410	QueryInterface.end	0	0	0
2997214783455	68124	62664	2997214770862	2b533d83410	AddRef	0	3	-
2997214783509	68124	62664	2997214770862	2b533d83410	QueryInterface.begin	0	-	18
2997214783559	68124	62664	2997214770862	2b533d83410	QueryInterface.end	0	80004002	18
2997214783614	68124	62664	2997214770862	2b533d83410	QueryInterface.begin	0	-	334d391f
2997214783664	68124	62664	2997214770862	2b533d83410	QueryInterface.end	0	80004002	334d391f
2997214783718	68124	62664	2997214770862	2b533d83410	QueryInterface.begin	0	-	40
2997214783767	68124	62664	2997214770862	2b533d83410	QueryInterface.end	0	80004002	40
2997214783819	68124	62664	2997214770862	2b533d83410	QueryInterface.begin	0	-	334d391f
2997214783869	68124	62664	2997214770862	2b533d83410	QueryInterface.end	0	80004002	334d391f
2997214783921	68124	62664	2997214770862	2b533d83410	QueryInterface.begin	0	-	94ea2b94
2997214783970	68124	62664	2997214770862	2b533d83410	QueryInterface.end	0	80004002	94ea2b94
2997214784021	68124	62664	2997214770862	2b533d83410	QueryInterface.begin	0	-	334d391f
2997214784069	68124	62664	2997214770862	2b533d83410	QueryInterface.end	0	80004002	334d391f
2997214784119	68124	62664	2997214770862	2b533d83410	QueryInterface.begin	0	-	77dd1250
2997214784167	68124	62664	2997214770862	2b533d83410	QueryInterface.end	0	80004002	77dd1250
2997214784218	68124	62664	2997214770862	2b533d83410	QueryInterface.begin	0	-	334d391f
2997214784266	68124	62664	2997214770862	2b533d83410	QueryInterface.end	0	80004002	334d391f
2997214784324	68124	62664	2997214770862	2b533d83410	QueryInterface.begin	0	-	bfd60505
2997214784374	68124	62664	2997214770862	2b533d83410	QueryInterface.end	0	80004002	bfd60505
2997214784425	68124	62664	2997214770862	2b533d83410	QueryInterface.begin	0	-	334d391f
2997214784843	68124	62664	2997214770862	2b533d83410	QueryInterface.end	0	80004002	334d391f
2997214784911	68124	62664	2997214770862	2b533d83410	QueryInterface.begin	0	-	143715d9
2997214784961	68124	62664	2997214770862	2b533d83410	QueryInterface.end	0	80004002	143715d9
2997214785010	68124	62664	2997214770862	2b533d83410	QueryInterface.begin	0	-	a914f499
2997214785058	68124	62664	2997214770862	2b533d83410	QueryInterface.end	0	80004002	a914f499
2997214785108	68124	62664	2997214770862	2b533d83410	QueryInterface.begin	0	-	ea5d0de4
2997214785157	68124	62664	2997214770862	2b533d83410	QueryInterface.end	0	80004002	ea5d0de4
2997214785206	68124	62664	2997214770862	2b533d83410	QueryInterface.begin	0	-	816e5b3e
2997214785254	68124	62664	2997214770862	2b533d83410	QueryInterface.end	0	80004002	816e5b3e
2997214785302	68124	62664	2997214770862	2b533d83410	QueryInterface.begin	0	-	3c169ff7
2997214785351	68124	62664	2997214770862	2b533d83410	QueryInterface.end	0	80004002	3c169ff7
2997214785401	68124	62664	2997214770862	2b533d83410	QueryInterface.begin	0	-	4f4f92b5
2997214785448	68124	62664	2997214770862	2b533d83410	QueryInterface.end	0	80004002	4f4f92b5
2997214785554	68124	62664	2997214770862	2b533d83410	QueryInterface.begin	0	-	9bc79c93
2997214785604	68124	62664	2997214770862	2b533d83410	QueryInterface.end	0	80004002	9bc79c93
2997214785653	68124	62664	2997214770862	2b533d83410	QueryInterface.begin	0	-	1868091e
2997214785702	68124	62664	2997214770862	2b533d83410	QueryInterface.end	0	80004002	1868091e
2997214785751	68124	62664	2997214770862	2b533d83410	QueryInterface.begin	0	-	11456f96
2997214785800	68124	62664	2997214770862	2b533d83410	QueryInterface.end	0	80004002	11456f96
2997214785849	68124	62664	2997214770862	2b533d83410	QueryInterface.begin	0	-	1ac7516e
2997214785896	68124	62664	2997214770862	2b533d83410	QueryInterface.end	0	80004002	1ac7516e
2997214785945	68124	62664	2997214770862	2b533d83410	QueryInterface.begin	0	-	35bd3360
2997214785993	68124	62664	2997214770862	2b533d83410	QueryInterface.end	0	80004002	35bd3360
2997214786042	68124	62664	2997214770862	2b533d83410	QueryInterface.begin	0	-	f2153260
2997214786092	68124	62664	2997214770862	2b533d83410	QueryInterface.end	0	80004002	f2153260
2997214786148	68124	62664	2997214770862	2b533d83410	QueryInterface.begin	0	-	334d391f
2997214786197	68124	62664	2997214770862	2b533d83410	QueryInterface.end	0	80004002	334d391f
2997214786246	68124	62664	2997214770862	2b533d83410	QueryInterface.begin	0	-	3fb5c57
2997214786295	68124	62664	2997214770862	2b533d83410	QueryInterface.end	0	80004002	3fb5c57
2997214786345	68124	62664	2997214770862	2b533d83410	QueryInterface.begin	0	-	334d391f
2997214786394	68124	62664	2997214770862	2b533d83410	QueryInterface.end	0	80004002	334d391f
2997214786444	68124	62664	2997214770862	2b533d83410	QueryInterface.begin	0	-	2c258ae7
2997214786492	68124	62664	2997214770862	2b533d83410	QueryInterface.end	0	80004002	2c258ae7
2997214786542	68124	62664	2997214770862	2b533d83410	QueryInterface.begin	0	-	19
2997214786590	68124	62664	2997214770862	2b533d83410	QueryInterface.end	0	80004002	19
2997214786640	68124	62664	2997214770862	2b533d83410	QueryInterface.begin	0	-	4c1e39e1
2997214786690	68124	62664	2997214770862	2b533d83410	QueryInterface.end	0	80004002	4c1e39e1
2997214786770	68124	62664	2997214770862	2b533d83410	Release	0	2	-
2997214786896	68124	62664	2997214770862	2b533d83410	AddRef	0	3	-
2997214786946	68124	62664	2997214770862	2b533d83410	Release	0	2	-
2997214787061	68124	62664	2997214770862	2b533d83410	AddRef	0	3	-
2997214787119	68124	62664	2997214770862	2b533d83410	AddRef	0	4	-
2997214788613	68124	62664	2997214770862	2b533d83410	QueryInterface.begin	0	-	8895b1c6
2997214788730	68124	62664	2997214770862	2b533d83410	AddRef	0	5	-
2997214788784	68124	62664	2997214770862	2b533d83410	QueryInterface.end	0	0	8895b1c6
2997214827898	68124	62664	2997214770862	2b533d83410	QueryInterface.begin	0	-	8895b1c6
2997214828121	68124	62664	2997214770862	2b533d83410	AddRef	0	6	-
2997214828206	68124	62664	2997214770862	2b533d83410	QueryInterface.end	0	0	8895b1c6
2997214829215	68124	62664	2997214770862	2b533d83410	Release	0	5	-
2997214829345	68124	62664	2997214770862	2b533d83410	AddRef	0	6	-
2997214830485	68124	62664	2997214770862	2b533d83410	Release	0	5	-
2997214830655	68124	62664	2997214770862	2b533d83410	AddRef	0	6	-
2997214836033	68124	62664	2997214770862	2b533d83410	QueryInterface.begin	0	-	b824b49d
2997214837501	68124	62664	2997214770862	2b533d83410	QueryInterface.end	0	80004002	b824b49d
2997214837894	68124	62664	2997214770862	2b533d83410	Release	0	5	-
2997214837973	68124	62664	2997214770862	2b533d83410	AddRef	0	6	-
2997214838963	68124	62664	2997214770862	2b533d83410	QueryInterface.begin	0	-	7f73be3f
2997214839087	68124	62664	2997214770862	2b533d83410	QueryInterface.end	0	80004002	7f73be3f
2997214839383	68124	62664	2997214770862	2b533d83410	Release	0	5	-
2997214839549	68124	62664	2997214770862	2b533d83410	AddRef	0	6	-
2997214840305	68124	62664	2997214770862	2b533d83410	QueryInterface.begin	0	-	b7d14566
2997214840420	68124	62664	2997214770862	2b533d83410	AddRef	0	7	-
2997214840479	68124	62664	2997214770862	2b533d83410	QueryInterface.end	0	0	b7d14566
2997214871846	68124	62664	2997214770862	2b533d83410	QueryInterface.begin	0	-	b7d14566
2997214871990	68124	62664	2997214770862	2b533d83410	AddRef	0	8	-
2997214872047	68124	62664	2997214770862	2b533d83410	QueryInterface.end	0	0	b7d14566
2997214872678	68124	62664	2997214770862	2b533d83410	Release	0	7	-
2997214872835	68124	62664	2997214770862	2b533d83410	AddRef	0	8	-
2997214877510	68124	62664	2997214770862	2b533d83410	QueryInterface.begin	0	-	1c733a30
2997214877661	68124	62664	2997214770862	2b533d83410	QueryInterface.end	0	80004002	1c733a30
2997214877831	68124	62664	2997214770862	2b533d83410	Initialize.begin	0	-	test/switching/01-image.png
2997214877904	68124	62664	2997214770862	2b533d83410	Initialize.end	0	0	test/switching/01-image.png
2997214878184	68124	62664	2997214770862	2b533d83410	Release	0	7	test/switching/01-image.png
2997214878381	68124	62664	2997214770862	2b533d83410	AddRef	0	8	test/switching/01-image.png
2997214880460	68124	62664	2997214770862	2b533d83410	QueryInterface.begin	0	-	fc4801a3
2997214880518	68124	62664	2997214770862	2b533d83410	AddRef	0	9	test/switching/01-image.png
2997214880571	68124	62664	2997214770862	2b533d83410	QueryInterface.end	0	0	fc4801a3
2997214886781	68124	62664	2997214770862	2b533d83410	QueryInterface.begin	0	-	fc4801a3
2997214888179	68124	62664	2997214770862	2b533d83410	AddRef	0	10	test/switching/01-image.png
2997214888236	68124	62664	2997214770862	2b533d83410	QueryInterface.end	0	0	fc4801a3
2997214888860	68124	62664	2997214770862	2b533d83410	Release	0	9	test/switching/01-image.png
2997214889290	68124	62664	2997214770862	2b533d83410	AddRef	0	10	test/switching/01-image.png
2997214891119	68124	62664	2997214770862	2b533d83410	QueryInterface.begin	0	-	1c733a30
2997214891215	68124	62664	2997214770862	2b533d83410	QueryInterface.end	0	80004002	1c733a30
2997214892356	68124	62664	2997214770862	2b533d83410	SetSite.begin	0	-	site
2997214893555	68124	62664	2997214770862	2b533d83410	SetSite.end	0	0	site
2997214893784	68124	62664	2997214770862	2b533d83410	Release	0	9	test/switching/01-image.png
2997214893984	68124	62664	2997214770862	2b533d83410	AddRef	0	10	test/switching/01-image.png
2997214895629	68124	62664	2997214770862	2b533d83410	QueryInterface.begin	0	-	1c733a30
2997214895779	68124	62664	2997214770862	2b533d83410	QueryInterface.end	0	80004002	1c733a30
2997214895918	68124	62664	2997214770862	2b533d83410	SetWindow.begin	0	-	8915510
2997214895975	68124	62664	2997214770862	2b533d83410	SetWindow.end	0	0	8915510
2997214896229	68124	62664	2997214770862	2b533d83410	Release	0	9	test/switching/01-image.png
2997214896360	68124	62664	2997214770862	2b533d83410	AddRef	0	10	test/switching/01-image.png
2997214897025	68124	62664	2997214770862	2b533d83410	QueryInterface.begin	0	-	196bf9a5
2997214897180	68124	62664	2997214770862	2b533d83410	QueryInterface.end	0	80004002	196bf9a5
2997214897438	68124	62664	2997214770862	2b533d83410	Release	0	9	test/switching/01-image.png
2997214897522	68124	62664	2997214770862	2b533d83410	AddRef	0	10	test/switching/01-image.png
2997214898058	68124	62664	2997214770862	2b533d83410	DoPreview.begin	0	-	test/switching/01-image.png
2997215461074	68124	62664	2997214770862	2b533d83410	DoPreview.end	396862	0	test/switching/01-image.png
2997215462402	68124	62664	2997214770862	2b533d83410	Release	396862	9	test/switching/01-image.png
2997215462621	68124	62664	2997214770862	2b533d83410	AddRef	396862	10	test/switching/01-image.png
2997215484332	68124	62664	2997214770862	2b533d83410	SetRect.begin	396862	-	test/switching/01-image.png
2997215659139	68124	62664	2997214770862	2b533d83410	SetRect.end	396862	0	test/switching/01-image.png
2997215659957	68124	62664	2997214770862	2b533d83410	Release	396862	9	test/switching/01-image.png
2997215660220	68124	62664	2997214770862	2b533d83410	AddRef	396862	10	test/switching/01-image.png
2997799998761	68124	62664	2997214770862	2b533d83410	SetRect.begin	396862	-	test/switching/01-image.png
2997800052386	68124	62664	2997214770862	2b533d83410	SetRect.end	396862	0	test/switching/01-image.png
2997800053292	68124	62664	2997214770862	2b533d83410	Release	396862	9	test/switching/01-image.png
2997800053529	68124	62664	2997214770862	2b533d83410	AddRef	396862	10	test/switching/01-image.png
2997800117573	68124	62664	2997214770862	2b533d83410	SetRect.begin	396862	-	test/switching/01-image.png
2997800320606	68124	62664	2997214770862	2b533d83410	SetRect.end	396862	0	test/switching/01-image.png
2997800321917	68124	62664	2997214770862	2b533d83410	Release	396862	9	test/switching/01-image.png
2997800322183	68124	62664	2997214770862	2b533d83410	AddRef	396862	10	test/switching/01-image.png
2997800486486	68124	62664	2997214770862	2b533d83410	SetRect.begin	396862	-	test/switching/01-image.png
2997800551599	68124	62664	2997214770862	2b533d83410	SetRect.end	396862	0	test/switching/01-image.png
2997800552388	68124	62664	2997214770862	2b533d83410	Release	396862	9	test/switching/01-image.png
2997800552597	68124	62664	2997214770862	2b533d83410	AddRef	396862	10	test/switching/01-image.png
2998643520820	68124	62664	2997214770862	2b533d83410	Unload.begin	396862	-	test/switching/01-image.png
2998643534659	68124	62664	2997214770862	2b533d83410	Unload.end	0	0	test/switching/01-image.png
2998643535251	68124	62664	2997214770862	2b533d83410	Release	0	9	test/switching/01-image.png
2998643535453	68124	62664	2997214770862	2b533d83410	AddRef	0	10	test/switching/01-image.png
2998643538359	68124	62664	2997214770862	2b533d83410	SetSite.begin	0	-	null
2998643550705	68124	62664	2997214770862	2b533d83410	SetSite.end	0	0	null
2998643551517	68124	62664	2997214770862	2b533d83410	Release	0	9	test/switching/01-image.png
2998643551678	68124	62664	2997214770862	2b533d83410	AddRef	0	10	test/switching/01-image.png
2998643764920	68124	62664	2997214770862	2b533d83410	Release	0	9	test/switching/01-image.png
2998643765355	68124	62664	2997214770862	2b533d83410	Release	0	8	test/switching/01-image.png
2998643765434	68124	62664	2997214770862	2b533d83410	Release	0	7	test/switching/01-image.png
2998643765495	68124	62664	2997214770862	2b533d83410	Release	0	6	test/switching/01-image.png
2998643765620	68124	62664	2997214770862	2b533d83410	Release	0	5	test/switching/01-image.png
2998643765709	68124	62664	2997214770862	2b533d83410	Release	0	4	test/switching/01-image.png
2998643765790	68124	62664	2997214770862	2b533d83410	Release	0	3	test/switching/01-image.png
2998643766238	68124	62664	2997214770862	2b533d83410	Release	0	2	test/switching/01-image.png
2998643766487	68124	62664	2997214770862	2b533d83410	AddRef	0	3	test/switching/01-image.png
2998643767526	68124	62664	2997214770862	2b533d83410	Release	0	2	test/switching/01-image.png
2998643767646	68124	62664	2997214770862	2b533d83410	Release	0	1	test/switching/01-image.png
2998643767701	68124	62664	2997214770862	2b533d83410	Release	0	0	test/switching/01-image.png
2998643767771	68124	62664	2997214770862	2b533d83410	destruct.begin	0	-	test/switching/01-image.png
2998643767832	68124	62664	2997214770862	2b533d83410	Unload.begin	0	-	test/switching/01-image.png
2998643767898	68124	62664	2997214770862	2b533d83410	Unload.end	0	0	test/switching/01-image.png
2998643767950	68124	62664	2997214770862	2b533d83410	destruct.end	0	-	test/switching/01-image.png
